Пользователь,Дата,Комментарий,Рейтинг,Название заведения,Средняя оценка,Кол-во оценок
Сунят,"9 апреля 2025, отредактирован",.,3,Казахстанско-Российский Медицинский университет,4.5,1124
Ramazan Bolat,"8 апреля 2025, отредактирован","Столовка в дизайне стала лучше, а в качестве еды и цен просела",3,Казахстанско-Российский Медицинский университет,4.5,1124
sayatt .,8 апреля 2025,"овсяная каша и блинчик с творогом зачет, над рисовой кашей нужно чутька поработать",4,Казахстанско-Российский Медицинский университет,4.5,1124
Rajneesh Tiwari,5 апреля 2025,It's great to be a part of this university . Teachers are very supportive and experienced . They always helping and supporting nature🏥.,5,Казахстанско-Российский Медицинский университет,4.5,1124
El Doos,3 апреля 2025,Крму практика жағынан мықты💕,5,Казахстанско-Российский Медицинский университет,4.5,1124
Fill Mary,2 апреля 2025,"Хочу выразить искреннюю благодарность и глубокое уважение к заместителю декана Сыздыковой Азизе Биржановне. Это не просто человек, занимающий ответственную должность, а настоящий профессионал своего дела, обладающий удивительным сочетанием мудрости, справедливости и человечности.
Она всегда открыта для каждого студента – будь то вопрос по учебе, сложная ситуация или даже просто совет, необходимый в жизни.

Она умеет выслушать и найти подход к каждому. Её справедливость, честность и открытость создают атмосферу доверия, которая так важна в студенческом сообществе.

Очень благодарна за Вашу доброжелательность, мудрость и поддержку.

Спасибо за ваш труд, внимание и заботу!
Вы лучшая ❤️",5,Казахстанско-Российский Медицинский университет,4.5,1124
Ayazhan Asan,"1 апреля 2025, отредактирован","Фармакология кафедрасы Нургалиева Жансулу апайға алғысымыз шексіз!Өте білімді оқытушы,сіздің бізге беріп жатқан біліміңізге рахмет♥️1 жылда сіздің арқаныңызда көп нәрсе үйрендік.Рахмет сізге,бізде сіздей оқытушылардың барына қуанамыз🥹🫶🏻",5,Казахстанско-Российский Медицинский университет,4.5,1124
Alexey Smirnov,"29 марта 2025, отредактирован",хорошие учителя,5,Казахстанско-Российский Медицинский университет,4.5,1124
Alima Ali,20 марта 2025,"Здравствуйте! Благодарю студентов университета за угощения, которые они раздают на светофоре для постящихся! Пусть Аллах вознаградит всеми благами за вашу доброту!",5,Казахстанско-Российский Медицинский университет,4.5,1124
Zakon V Zakone,"19 марта 2025, отредактирован","Это не университет , а шарага . Один хуже другого, что в деканате , что в универе . В деканате по факту все рассказал, сделали так что я не прав . Учителя есть достойные , есть гнилые , которым давно надо в отставку . Мне жаль денег которые плотят мои родители, этим @слам чтобы они с нами так общались , и ни к чему не научили. Декан вообще существует в этом универе? Нет бы провести какие-то работы с учениками, хотя бы в два месяца раз поинтересуйтесь кого что беспокоит кто чем не доволен. И касательно туалетных бумаг , год заканчивается а я еще не разу не видел их . Учителя блокируют студентов по вацапу чтобы они не надоели им. Просто отстой 0! И на счет зам Декан подумайте, пусть пройдет экзамен по своей специальности, прежде чем там сидеть , и выгонять словами( я ничем не могу помочь) Корупционеры , и не пишите мне тут ФИО , свои данные , и группу , толку ? Вас б@ранов уже ничего не исправит . Накипело уже все , достали!",5,Казахстанско-Российский Медицинский университет,4.5,1124
Shumakher Eshe-Tot-Ya,18 марта 2025,"Не поступайте сюда , просто с вами будут обращаться как со стенкой . Особенно в деканате. Свинарник чистый ! За эти деньги лучше куда нибудь в другой универ. Это моя самая большая ошибка , то что я сюда поступил. Хотя учусь на 4-5. Декана еще не разу не видел , кроме одного раза и то на линейке . Им по барабану какие у вас проблемы в универе, и тд. Так что подумайте хорошенько , стоит ли оно этого .",1,Казахстанско-Российский Медицинский университет,4.5,1124
Apple User,17 марта 2025,"Самая позорная медицинская шарага. Вопросы в тест центрах ставят не по теме и процентов 50 из них мы не проходили на самих занятиях. Всегда ходишь в неведении до последнего момента. Все расписания и все новости приходят в самый последний момент. Могут поставить расписание, где ты 10 часов находишься в универе и в этот же день сдаешь тест. На жалобы студентов они чхать хотели и вместо того чтобы решать проблемы, просто запугивают студентов и запрещают писать негативные отзывы. Да и по теме отзывов хочу сказать, что в КРМУ Фэмили участники этой секты удаляют негативные отзывы и пишут хорошие.
Многие преподы неадекватные и ставят оценки не по знаниям, а по тому, как ты умеешь подлизываться и на сколько ты им понравился. Я еще промолчу как в тест центре на тебя орут и заставляют завершать тест через 20 минут после его начала (видите ли, проверяющие устали). Так еще тебя лапают там же на наличие телефона или микронаушника.
На самом деле очень жалею, что поступил сюда, а не в любой другой универ.",1,Казахстанско-Российский Медицинский университет,4.5,1124
aigerim turasheva,11 марта 2025,417 Б не уважает женщин я была на приеме у Талеген Достонджон Серикханулы послал меня куда подальше минус аура минус вайб минус лайки катынымды алып кетти,5,Казахстанско-Российский Медицинский университет,4.5,1124
ainara s,7 марта 2025,"элпешка тут учится, поэтому оценка пять звезд, не обижайте её 🤪",5,Казахстанско-Российский Медицинский университет,4.5,1124
Asel S,"28 февраля 2025, отредактирован",Здесь учителя хорошие но чего то не хватает!,4,Казахстанско-Российский Медицинский университет,4.5,1124
Жанел Мухан,"27 февраля 2025, отредактирован",Примити меры касательно гардероба.Там бардак и каждый раз проблемы!!!,2,Казахстанско-Российский Медицинский университет,4.5,1124
Ильяс Шагбанов,"26 февраля 2025, отредактирован","Моя девушка тут учится , чисто сол ушин 5 звезд , универдын сәнімен көркіғо",5,Казахстанско-Российский Медицинский университет,4.5,1124
Санжар Рысбек,"21 февраля 2025, отредактирован","Салеметсіздерме!
Университет кіре берген жерде күзетшілерге салем берсек жауап бермейді және қазақша сұрасан орысша жауап береді, бір ағай қазақша мүлдем түсінбейді. Ескерудеріңізді сұраймын 🥰🥰!!",3,Казахстанско-Российский Медицинский университет,4.5,1124
Диана Балтабаева,17 февраля 2025,"Люблю этот университет, но почему гардеробщицы злые??! Уборщицы тоже злые! Решите эту проблему пожалуйста.",4,Казахстанско-Российский Медицинский университет,4.5,1124
N A,"12 февраля 2025, отредактирован",Мугалимдери оте керемет билим береди,5,Казахстанско-Российский Медицинский университет,4.5,1124
Рамиль Изимов,12 февраля 2025,Отлично супер,5,Казахстанско-Российский Медицинский университет,4.5,1124
Акжуныс Бакытжан,10 февраля 2025,🫶🏻🫶🏻🫶🏻🫶🏻🫶🏻🫶🏻🫶🏻🫶🏻🫶🏻🫶🏻,5,Казахстанско-Российский Медицинский университет,4.5,1124
Bibarys 🌊,4 февраля 2025,"Студенттік өмірі расымен бар, артық қинамайды график шүкір басқа мед универлерінен қарағанда",5,Казахстанско-Российский Медицинский университет,4.5,1124
Rami Sataeva,"28 января 2025, отредактирован","Поменяйте гардеробщиц, безответственные, невнимательные, злые, медленные, целый день теряли куртки искали по минут 40! В очередях стоим также, приходим пораньше на пары, все равно опаздываем) Это ужасно, администрация примите меры, срочно!",3,Казахстанско-Российский Медицинский университет,4.5,1124
Фари Фари,"28 января 2025, отредактирован","Айман апай,Нариман ағай, Асылзат апай, Сымбат апай топппппп🔥🔥🔥🔥Ең керемет,өте білімді ұстаздар😘",5,Казахстанско-Российский Медицинский университет,4.5,1124
Amna Ismail,"16 января 2025, отредактирован",Yes I hate it,1,Казахстанско-Российский Медицинский университет,4.5,1124
Луиза Сарсенова,"9 января 2025, отредактирован","Офтальмология кафедрасының оқытушыларына көөп рахмет!!! Имадиева Айшолпан Мұхтарқызы, Кенжебек Бауыржан Бақытжанович сынды білікті мамандардың арқасында сапалы білім мен мол тәжірибеге ие болдық🤩🫶🏻",5,Казахстанско-Российский Медицинский университет,4.5,1124
Азамат Ермекбай,9 января 2025,Офтальмология кафедрасы Имадиева Айшолпан Мұхтарқызы сізге үлкенн рахмет 🤍 Өзіңіздегі бар білімді тәжірибеңізбен бөлісе отырып бізге офтальмологияның негізін үйретіп қызығушылығымызды арттырғаныңыз үшін алғысымыз шексіз 🫰,5,Казахстанско-Российский Медицинский университет,4.5,1124
ILINUR 🌀,31 декабря 2024,Фармакологиядан беретін Гүлсәуле апай и Нурлан агай по хирургии самые лучшие преподаватели. Умеют оценивать честно и самое главное не подавляют мотивацию учиться дальше. Респект вам и большое спасибо!!!,5,Казахстанско-Российский Медицинский университет,4.5,1124
Сая Бижаксынова,"28 декабря 2024, отредактирован",Проблема с парковкой,1,Казахстанско-Российский Медицинский университет,4.5,1124
аяу сиаевна,24 декабря 2024,Здравствуйте студенты КРМУ. Я в 10 классе и хочу стать нейрохирургом (или же невропатологом). Стоит ли идти в этот универ? Есть ли русское отделение? Напишите в инст @f4buleux,5,Казахстанско-Российский Медицинский университет,4.5,1124
akzhunis 💘,22 декабря 2024,гисто нариман агай 😍🔥,5,Казахстанско-Российский Медицинский университет,4.5,1124
Nurik tik,17 декабря 2024,Университет мечты,5,Казахстанско-Российский Медицинский университет,4.5,1124
Artyom Abramov,"14 декабря 2024, отредактирован",Alma Mater,5,Казахстанско-Российский Медицинский университет,4.5,1124
Мадина Нурмуханбетова,2 декабря 2024,"Хочу выразить огромную благодарность Нурлану Дуйсенову за его невероятный профессионализм, терпение и преданность своему делу. Его подход к обучению сочетает в себе строгость и поддержку, что создает идеальные условия для развития студентов.

Каждая лекция или практическое занятие с ним — это не просто изучение материала, а глубокое погружение в суть хирургии. Он умело объясняет сложные темы, используя понятные примеры и всегда готов разъяснить моменты, которые вызывают вопросы.

Отдельно хочется отметить его человеческие качества. Нурлан Дуйсенов не просто учит нас быть хирургами, но и воспитывает в нас чувство ответственности и уважения к пациентам. Его поддержка и мотивация вдохновляют работать над собой и стремиться к лучшему.

С таким преподавателем действительно хочется учиться, расти и становиться профессионалом в своей области. Спасибо за всё, что вы делаете для своих студентов!",5,Казахстанско-Российский Медицинский университет,4.5,1124
jitendra chaneja,"2 декабря 2024, отредактирован",Please never take admission in this college they will irritate you to do take photos send photos to dean and pick video call likes that irritate to teacher also and for students also,1,Казахстанско-Российский Медицинский университет,4.5,1124
Arailym Abdillaeva,30 ноября 2024,Өте керемет😍,5,Казахстанско-Российский Медицинский университет,4.5,1124
Базаргуль,"30 ноября 2024, отредактирован","Здесь преподают самые добросовестные,образованные,опытные преподаватели!!!",5,Казахстанско-Российский Медицинский университет,4.5,1124
Era r?,"28 ноября 2024, отредактирован",Лучшый университет,5,Казахстанско-Российский Медицинский университет,4.5,1124
Gulzhan ✨🌙,"27 ноября 2024, отредактирован",Это просто потрясающий универ который очень хочу поступить 😍😍😍,5,Казахстанско-Российский Медицинский университет,4.5,1124
Valeriya Vlasova,"26 ноября 2024, отредактирован",поступлю!❤️,5,Казахстанско-Российский Медицинский университет,4.5,1124
📌 haz1ev,"25 ноября 2024, отредактирован","четко все,жаль лифт не доступен",5,Казахстанско-Российский Медицинский университет,4.5,1124
Аделия Уразалиева,23 ноября 2024,"Очень хороший университет, хотела бы чтобы доча поступила именно в этот университет",5,Казахстанско-Российский Медицинский университет,4.5,1124
S V🤌,"21 ноября 2024, отредактирован",Лучший медицинский университет,5,Казахстанско-Российский Медицинский университет,4.5,1124
Darin Aitmukhambet,19 ноября 2024,Там учится моя сестра. Кайф,5,Казахстанско-Российский Медицинский университет,4.5,1124
🤘 💔,17 ноября 2024,Большой и красивый университет. Понравился кабинет анатомии,5,Казахстанско-Российский Медицинский университет,4.5,1124
Kaisar Yertay,15 ноября 2024,"Слишком долго работает гардероб, и на лестницах вечно пробки из людей!",3,Казахстанско-Российский Медицинский университет,4.5,1124
Ясмина Имашова,"14 ноября 2024, отредактирован",Казына апай микробиология кафедрасы😍😍😍😍Отеее куштыыы апааай 😍😍😍Красоткаааа😍😍,5,Казахстанско-Российский Медицинский университет,4.5,1124
Shirinkhan Tagai,14 ноября 2024,"Сайлаубек Қазына Хамзатқызы, Микробиология Иммунология кафедрасының завучі өте керемет апай 🔥🔥🔥 сабақты өте керем және қызықты өтеді 🔥😍",5,Казахстанско-Российский Медицинский университет,4.5,1124
Ақжүніс Оразова,14 ноября 2024,"Микробиология кафедрасындағы Қазына апай лучшая🫶🏻🫶🏻
Сабаққа деген желаниені ашып жібереді❤️",5,Казахстанско-Российский Медицинский университет,4.5,1124
Не указано,12 июня 2023,"Универ хороший, почитав комментарии немного в шоке от них! Никогда за мою учебу не было плохого отношения ко мне. Все преподаватели и сотрудники очень приветливые, отзывчивые и профессионалы своего дела. На пары ходить было одно удовольствие.
Много пишут что к ним относились грубо, могли что то не так сказать и.т.д скорее всего вы сами позволяли себе относится не уважительно к преподавателям, а там уж извините какой привет такой ответ)
Еще не раз не пожалела что поступила сюда, и закончила его👍🏻",5,Санкт-Петербургский Гуманитарный университет профсоюзов,4.1,418
Walter,21 марта 2025,"К сожалению, впечатления от обучения в этом университете оставляют желать лучшего. Уже на этапе поступления многое было скрыто: информацию о процессе обучения в Санкт-Петербурге объясняли неполно и не совсем честно. Позже оказалось, что стоимость обучения регулярно повышается, а студентов ставят перед фактом без объяснений. Возникает много несостыковок, на которые руководство никак не реагирует. Обращения студентов остаются без ответа, как будто их мнение никого не интересует.

Качество образования тоже не оправдывает своих затрат. Особенно разочаровали занятия по социологии с преподавателем Аблаевой. Она ведёт себя предвзято: у неё есть свои любимчики, которым ставятся высокие оценки вне зависимости от их подготовки к занятиям. Остальным студентам оценки часто занижаются без объяснений.

Обстановка в деканате также оставляет неприятное впечатление. Хатько и Загородняя часто разговаривают со студентами резко и высокомерно, иногда даже на повышенных тонах. Вместо того чтобы помочь или дать нужную информацию, создаётся ощущение, что студент — это человек, к которому изначально настроены с раздражением и недоверием. Атмосфера в кабинете напряжённая, и уже при входе чувствуешь, что тебя не рады видеть.

Очень жаль, что руководство университета не обращает внимания на эти проблемы. Хочется надеяться, что ситуация изменится: отношение к студентам станет уважительным, процесс обучения — прозрачным, а преподаватели начнут оценивать знания объективно и справедливо. Университет должен быть местом, где хочется учиться, а не бороться за справедливость.",1,Санкт-Петербургский Гуманитарный университет профсоюзов,4.1,418
Ирина Вольфовна,"11 марта 2025, отредактирован",Что на 3-этаже в 302 кабинете? Кто знает? ТяньШи?,5,Санкт-Петербургский Гуманитарный университет профсоюзов,4.1,418
Milka💜,"10 марта 2025, отредактирован",Бывало и лучше,1,Санкт-Петербургский Гуманитарный университет профсоюзов,4.1,418
Марина Владимировна,5 марта 2025,"В деканате обитают настоящие животные,которые не могут нормально и спокойно обращаться со студентами.Универ полное дно,не рекомендую поступать в данное учреждение.",5,Санкт-Петербургский Гуманитарный университет профсоюзов,4.1,418
Ольга Увалеева (Бобкова),"16 февраля 2025, отредактирован",😀,5,Санкт-Петербургский Гуманитарный университет профсоюзов,4.1,418
Насвэгал 228,"4 февраля 2025, отредактирован",Прикольный уник Свэга получил,5,Санкт-Петербургский Гуманитарный университет профсоюзов,4.1,418
Fatuskar,"25 декабря 2024, отредактирован",Самый классный универ,5,Санкт-Петербургский Гуманитарный университет профсоюзов,4.1,418
Vad_ SQ,"13 декабря 2024, отредактирован","Отличный университет! Особая благодарность 2 группе психологии и в частности Г-ну Коляну, который обманул весь универ со своими Таро, и Г-ну Файзулину, потому что у него шикарные усы.",5,Санкт-Петербургский Гуманитарный университет профсоюзов,4.1,418
чупапи йй,10 декабря 2024,"В универе ужасно холодно, никто не ходит и не проверяет батареи!! Они еле теплые, ближе к холодному. По санпин нормам они явно не греют, на улице температура в -, а студенты сидят в холоде!!!!!",1,Санкт-Петербургский Гуманитарный университет профсоюзов,4.1,418
S 🥷,"30 ноября 2024, отредактирован",ДЭ24БИНФ1 рулит. Люблю школьников на обед😋,5,Санкт-Петербургский Гуманитарный университет профсоюзов,4.1,418
Жумабек Сергеевич,30 ноября 2024,Идеальный университет. Каждый день школьники на обед 😋,5,Санкт-Петербургский Гуманитарный университет профсоюзов,4.1,418
Адель Байзакова,21 ноября 2024,"Отчислилась с АФ СПбГУП 1.5 года назад. И всё еще вспоминаю это время, как страшный сон.
Плохо всё, начиная с формата и срока обучения! Обещают 4 года и очную форму. А по итогу, по приходу в универ, вскрываются «приятные подробности», что всё зависит от того наберется-ли достаточно человек в группе.
Те, кто ведутся на обучение в Санкт-Петербурге, спешу разочаровать… Его не будет!
Качество знаний оставляет желать лучшего. По пальцам одной руки могу пересчитать грамотных преподавателей, которые действительно научили полезным навыкам.
В деканате творится полный беспредел. Так вдобавок к этому, еще и за всё нужно платить. К примеру, справка о месте обучения по месту требования обойдется вам в 200 тенге)
Инфраструктура оставляет желать лучшего. Даже комментариев на этот счет нет.
Если вы хотите поступить сюда, скажите «нет» самовыражению: снимайте пирсинги, перекрашивайте волосы.
Ну и вишенка на торте, правила университета настолько абсурдны, что даже за сладкосодержащие напитки вы получите выговор(
В общем, говорить могу долго, но лучше сдавайте ЕНТ, и не наступайте на те же грабли, что и я!😁",1,Санкт-Петербургский Гуманитарный университет профсоюзов,4.1,418
Aylin Altyn,"10 ноября 2024, отредактирован","Мой любимый университет 🥰училась с далеком 2004 году , и до сих пор осталось теплое воспоминание об этом месте и хороших преподавателей❤️",5,Санкт-Петербургский Гуманитарный университет профсоюзов,4.1,418
Ирина Ветрова,26 октября 2024,"Поступила сюда в 2015 году ,по отзывам смотрю ничего не меняется тут,смотря на фото университета,накатывает дрожь по коже .Интересно было только первые пол года и совсем не то,что обещает университет,когда пришла на день открытых дверей,рассказывали такую сказку,а по факту совсем не интересный университет .Учится было не в удовольствие совсем .У всех учителей разное требование,наш куратор вообще не участвовала в нашей жизни ,мы ее за год могли видеть только на её парах,все вопросы решали всегда сами,помощи от нее не было никакой,ни о каких новостях не сообщала,ничего вообщем не делала . Потом на втором курсе стали учиться в обед ,потом вообще вечером.Что было очень не удобно .Как итог,я еле перевелась в другой вуз,и ни капли не сожалею.Деканат -злые как ….Обучение постоянно росло.Нам еще более менее повезло ,дальше говорят вообще не интересно стало там и преподаватели стали уходить.Не советую .",2,Санкт-Петербургский Гуманитарный университет профсоюзов,4.1,418
Nalov .,"6 сентября 2024, отредактирован","Топ, учусь рядом, перемены совпадают и столько студентов возле магаза",5,Санкт-Петербургский Гуманитарный университет профсоюзов,4.1,418
Милана Довганюк,16 августа 2024,"Поступала в 2023 году направление психология. Была воодушевлена поступлением и ожидала от данного универа только лучшее. Мои ожидания рухнули. 1 семестр прошел тяжело, так как мы пришли после школы никто толком не объяснили оценивание, выполнение заданий и срок задачи. Оценивание от преподавателей оставляет желать лучшего, занижают по баллам, переходят на «ТЫ» и используют нецензурную лексику по отношению к студентам. Лекции проходили в большинстве раз очень нудно. Многие просто засыпали)
Деканат-сущий ад. Не подойти не с одним вопросом так как начинаются крики, и нервотрепка. Жила в общежитии, про общагу ничего плохого сказать не могу, хорошие условия для проживания. Единственный минус универ не отапливался зимой, было очень холодно. Грелись как только могли, и ставили обогреватели. Ну и мое самое любимое-каждый твой шаг это деньги. Допуски, справки и.т.д После начала 2 семестра приняла решение перевестись в другой ВУЗ вот тут и началось самое веселое) Пришла в деканат с данным запросом, начали выносить мозг принеси то, заплати там. В итоге пишу заявление о переводе оплачиваю за эту же справку 7000тг. Хотя в деканате сказали что стоимость 1000) Деньги никто не вернул. Мои документы лежали больше 4-х месяцев у них так как они мне их просто не отдавали, объясняя это тем что им нужен документ о том что я поступила в другой ВУЗ. В итоге забрать документы получилось только под предлогом того что я никуда не иду учиться.
Крайне разочарована, и не советую туда поступать. Поберегите свое психическое здоровье🥰",1,Санкт-Петербургский Гуманитарный университет профсоюзов,4.1,418
Nnn Erfutumorka,"13 августа 2024, отредактирован",у меня там жена учится,5,Санкт-Петербургский Гуманитарный университет профсоюзов,4.1,418
Айзере Мухтар,"2 августа 2024, отредактирован",Прикольно можно сходить,5,Санкт-Петербургский Гуманитарный университет профсоюзов,4.1,418
Ivan Popov,1 июля 2024,"Если ты задумался, хотя бы на минуту, поступать или же нет. Не поступай.",1,Санкт-Петербургский Гуманитарный университет профсоюзов,4.1,418
М К,"26 мая 2024, отредактирован",Хороший университета,4,Санкт-Петербургский Гуманитарный университет профсоюзов,4.1,418
Ольга Романова,19 мая 2024,"Закончила 1 курс и хочу поделиться своими впечатлениями об этом университете. Поступила в 2023 году на юриспруденцию. По началу все нравилось ,но постепенно вся красивая картинка рухнула. Деканат ужасный,ведет себя неподобающе,постоянно хамят,могут даже использовать нецензурные выражения,а когда нужно взять справку или решить вопрос,то вообще не принимают и выгоняют.Зимой ,а именно с конца декабря,резко в университете стало холодно,будто вообще не топили учебное заведение. И так было всю зиму,мы сидели в куртках пытаясь согреться. Эту проблему с отоплением никак не решили,но зато у самого деканата было тепло в их кабинетах.
Преподаватели юриспруденции остаются в сердечке. Особенно хотелось бы выделить Анну Александровну,это потрясающий преподаватель. Анна Александровна прекрасно объясняет на парах материал,в любое свободное время можно к ней обращаться и она поможет,подскажет. Полюбила этого преподавателя всей душой.Другие преподаватели,предметы которых не относятся к профильным,то здесь спорно. Есть кто действительно хорошо объясняет,а есть кто материал нормально преподнести студентам не могут,так еще и оценивают непонятно. Каждый раз по-разному.Кто отвечает им ниже балл,кто молчит на семинарах им больше ставят. С оцениваем беда у некоторых преподавателей и даже если к ним подходишь решать вопрос ,то они попросту игнорируют это,либо выводят все на конфликт.
Что касается больничного ,так вообще жесть.Приносишь справку,чтобы взять допуск,так присутствует вечное недовольство со стороны деканата,бывало что даже не могли принять справку и выдать допуски,так как просто не дали зайти в их кабинет(говорили,что заняты)
На счет мероприятий это отдельная история…Посвящение студентов это был сущий кошмар.Остальные праздники которые мы праздновали : Хэллоуин, Новый год,наурыз.Они были очень скудные и неинтересные.
Здание всё в трещинах. Кругом бегают школьники.Все время заходят в университет посторонние люди.
И это все было написано в крации. Как итог,я перевожусь в другой ВУЗ",1,Санкт-Петербургский Гуманитарный университет профсоюзов,4.1,418
Milya Wolf,"10 мая 2024, отредактирован","1. цена менялась
2. деканат ужасный, как к ним домой приходишь
3. студенческий отдел еще хуже, что то спросить - себе дороже
4. нас не хотели отправлять в Питер, говоря, что там нет нашей специальности и вообще нас должно быть много (оказалось неправда, просто держали, чтобы дальше платить за 4 курс заочки нашему филиалу)
5. студенческая жизнь и активность дальше курилки не заходит. раз в полгода наурыз и хэллоуин, подготовка которых оставляет желать лучшего
6. посвящение в студенты это вообще отдельная история
7. половина здания не принадлежит университету. где то школа, где то мери кей, чем это мешает? как минимум школьники пихаются в гардеробе, чтобы куртку быстрее забрать. места мало в здании, ни пройти ни проехать. в случае с мери кеем, заходят выходят левые люди вообще. спрашивают «куда вам?», спокойно отвечают в мери кей и заходят шатаются по всему зданию
8. даже за справку с места обучения приходится платить

единственный плюс это преподавательский состав. лично на нашей кафедре вообще не было претензий ни к одному из преподавателей. не у всех на парах интересно, но они как минимум вызывают уважение к себе. лояльные, толерантные, а главное компетентные люди. только за них можно поставить звезду

что насчет головного вуза в Питере… там просто куча правил, которые не соблюдаются в филиалах. лично нас они никак не напрягали, но тем, кто любит выражать себя - они не подойдут. снимайте пирсинги, перекрашивайте волосы и замазывайте татуировки. персонал к вам относится более требовательнее, чем в филиалах, но при этом ты чувствуешь себя там полноценным студентом серьезного вуза

головной филиал и алматинский - две разные планеты с разными системами управления. за алматинским филиалом никто не следит, поэтому руководство там делает что хочет настолько, что некомпетентное отношение было даже к преподам, не говоря уже о студентах

итог: не рекомендую. сдавайте ент и учитесь в более серьезных организациях либо езжайте получать образование зарубежом",1,Санкт-Петербургский Гуманитарный университет профсоюзов,4.1,418
Wash YourPants,"29 марта 2024, отредактирован",Крутой третий этаж,5,Санкт-Петербургский Гуманитарный университет профсоюзов,4.1,418
Kristina k,19 февраля 2024,ОЧЕНЬ ХОЛОДНО В УНИВЕРСИТЕТЕ!!!,1,Санкт-Петербургский Гуманитарный университет профсоюзов,4.1,418
Exit,17 февраля 2024,"Закончила этот университет и не пожалела) было познавательно, интересно и остались хорошие воспоминания , а главное знания
Преподаватели факультета психологии прекрасные!",5,Санкт-Петербургский Гуманитарный университет профсоюзов,4.1,418
….. …..,9 февраля 2024,"-Хочу начать с потребительского отношения к студентам от некоторых преподавателей и деканата, постоянное хамство, нельзя ничего узнать и уточнить зайдя к ним, разве так можно? Где субординация? Мы за что такие деньги платим? За то чтобы к нам обращались как к пустому месту??? Далее хотела выделить преподавателя, который не знает своих дисциплин и на парах рассказывает выдуманные истории, матерится, переходит на личности думая что ему все можно.
Мы не получаем знаний на его лекциях, но на семинарах с нас требуют как с ученых. Никто из вышестоящих не обращает на это внимание, как будто все так, как и должно быть.

- Есть хорошие, добрые, требовательные преподаватели, которые и правда хотят дать нам знания, очень хорошо объясняют, уважительно относятся к студентам, рассказывают о своем опыте в сфере их деятельности для большего интереса к предмету и к профессии.

- Но этот преподаватель это НЕРЕАЛЬНО ОГРОМНЫЙ ЖИРНЫЙ МИНУС этого Университета!!!!!

- Жаль что от этого отзыва ничего не поменяется люди работающие в деканате так и будут злые и неуважительные, а этот преподаватель так и будет там работать!!!!!

Уважаемые родители пожалуйста не отдавайте своих детей в этот университет, ( оплата растет каждую секунду) пока этот преподаватель не уйдет на пенсию.

- Я вас призываю! Пожалуйста не нужно вам тратить деньги на такой университет, один человек будет портить ваш процесс обучения",1,Санкт-Петербургский Гуманитарный университет профсоюзов,4.1,418
Aibek Seidanov,"22 ноября 2023, отредактирован",Отличный ВУЗ,5,Санкт-Петербургский Гуманитарный университет профсоюзов,4.1,418
Диана Ибрагимова,"20 ноября 2023, отредактирован","Очень классный университет персонал очень добрый, вежливые постоянно тама бываю",5,Санкт-Петербургский Гуманитарный университет профсоюзов,4.1,418
Қайрат Салимбетов,18 ноября 2023,"Был в университете и хочу отметить, что туалеты там на удивление были чистые. Всё блестит, никаких проблем с гигиеной не заметил. Респект обслуживающему персоналу за такую работу!",5,Санкт-Петербургский Гуманитарный университет профсоюзов,4.1,418
Wx Rv,"16 ноября 2023, отредактирован","Вуз топ, лучше чем головной",5,Санкт-Петербургский Гуманитарный университет профсоюзов,4.1,418
Дарига Авозяинка,"3 ноября 2023, отредактирован","Баллада о зря потраченном времени.
Мнение субъективное, опыт реальный.
В данном университете я обучалась три года, начиная с 2019. Обучалась на направлении СКД, то самое ""тамада с дипломом"". В целом, это выражение в полной мере отражает реальную пользу обучения. Только тамада обычно хотя бы обучен устраивать свадьбы, не так ли?
Если говорить о связанных с направлением программах и предметах - пользы, в сущности, никакой. Беспощадное и бессмысленное пережевывание одной и той же информации о какой-то абстрактной ""социальной анимации"", дающее нулевое фактическое представление о будущей деятельности. Перечислить виды праздников - да, научиться их организовывать - нет. Не знаю, возможно все эти секреты таятся на четвертом и пятом курсах, до куда я, к счастью, не добралась.
Отношение деканата к студентам временами откровенно безобразное, сотрудницы с вами вопросы по учебе доброжелательно обсуждать не будут.
Причин для разочарования в университете было две, последняя и послужила моему отчислению.
Разочарование первое: в 2020 году выяснилось, что в головной ВУЗ на четвертый курс нас никто не отправит. В группе было недостаточно людей. Сейчас я этому, кстати, рада. В гости к пэ езжать не особенно хочется.
Разочарование второе: к середине третьего курса мой отец умер от коронавируса и, соответственно, возможности оплачивать обучение дальше у меня не было. На вопрос об академическом отпуске мне ответили, что его нет и взять я его не могу. Возможно, подразумевалось, что причина была недостаточно уважительной (действительно). Я подумала, что терять нечего и отчислилась. Позже выяснилось, что академический отпуск тут все же существует. Занятно.
Отчислилась и не жалею. Живу в Словакии. Из положительного: благодарна ВУЗУ за знакомство со своими одногруппниками.
Также, хочу поблагодарить Гульзиру Олжабековну, Татьяну Владимировну, Мадину Кенжебековну, Паршукову Наталью Владимировну, Валерия Николаевича, Анатолия Анатольевича, Елену Олеговну и Козыреву Наталью Владимировну.",2,Санкт-Петербургский Гуманитарный университет профсоюзов,4.1,418
Елена Цветкова,10 октября 2023,"Просто хамское отношение к студентам со стороны некоторых преподавателей, именующих себя ""доцентами кафедры"".",1,Санкт-Петербургский Гуманитарный университет профсоюзов,4.1,418
Светлана Егорова,21 сентября 2023,"В столовою нашего Универа,советую не ходить.
Там все не вкусно не свежее ФОРМА У ВСЕХ БЕЛАЯ КРАСИВАЯ НО ГОТОВЯТ НЕ ВКУСНО И ОТВРАТИТЕЛЬНО🤮🤢 .
Три дня назад было все свежее и вкусное пирожки были классные манты вкусные👍👍👍а сейчас не советую ходить все не вкусное отвратительное.",1,Санкт-Петербургский Гуманитарный университет профсоюзов,4.1,418
Сауле Садыкова,24 августа 2023,Шарашкина контора 🤦‍♀️,1,Санкт-Петербургский Гуманитарный университет профсоюзов,4.1,418
Катерина 👀💚,26 июля 2023,"Отвратительный универ,особенно в Петербурге",1,Санкт-Петербургский Гуманитарный университет профсоюзов,4.1,418
Тони Тони,25 июля 2023,"Закончила в этом году АФСПБГУП. Минусы, как и у всех вузов, есть. Но плюсы в виде большого количества практики и качественной подачи материала их перекрывают",5,Санкт-Петербургский Гуманитарный университет профсоюзов,4.1,418
Наталья Апросина,20 июля 2023,"Хороший университет, дочке во время практики предложили работу ,сейчас работает юристом в хорошей компании. Советую",5,Санкт-Петербургский Гуманитарный университет профсоюзов,4.1,418
Элина Элина,18 июля 2023,"Спасибо моему универу, за прекрасные студенческие годы",5,Санкт-Петербургский Гуманитарный университет профсоюзов,4.1,418
Катя Щедринова,16 июня 2023,"Наша школа снимает помещение у университета . В принципе неплохо. Но проблемы с ремонтом , также наши окна находятся рядом с курилкой и каждый день мы чувствовали запах сигарет. Учителя неплохие , есть те благодаря кому хочется заниматься . Есть те кто наоборот",3,Санкт-Петербургский Гуманитарный университет профсоюзов,4.1,418
XXX Xer,8 июня 2023,Куда смотрит министерство образования!,1,Санкт-Петербургский Гуманитарный университет профсоюзов,4.1,418
Аня Борецкая,19 мая 2023,Хороший университет👍,5,Санкт-Петербургский Гуманитарный университет профсоюзов,4.1,418
Весельчак Иванович,15 мая 2023,"Учусь в данном университете. Пока что мне все нравится. С недавних пор у нас сменился директор, с тухлого электрика, который занимался ни пойми чем и опустил университет на дно, на прекрасного настоящего директора Аубакирову Анну Александровну - доктора юридических наук, она пытается всеми силами поднять университет на ноги, после этого обмудка, но как полагается нужно для этого всего время. На счет обучения, кафедра юриспруденции самая сильная кафедра в университете, где реально и достойно дадут тебе образование, а не просто будешь сидеть и хлопать ушами. А на 2 курсе тебя отправят на практику именно университет, а не ты сам будешь бегать и искать где же пройти практику. На счет других кафедр сказать не могу ничего. Но есть 1 минус который очень меня расстраивает это Хатько Ирина Геннадьевна, которая не очень уважительно относится к студентам объясняя это сложно ситуацией сложившейся в ее семье. Так университет , хороший. Больше минусов пока не нашли, надеюсь при новом директоре университет расцветет и будет таким же хорошим как ранее.",5,Санкт-Петербургский Гуманитарный университет профсоюзов,4.1,418
Алина Огаркова,12 мая 2023,"Лучше универа и представить нельзя , если сомневаешься, что тебе именно сюда, будь уверен , это место будет самым ярким в твоей жизнедеятельности 😍 спасибо всем кто причастен к СпбГУП АФ",5,Санкт-Петербургский Гуманитарный университет профсоюзов,4.1,418
Ника Элисон,10 мая 2023,"Тюрьма,а не учебное учреждение. Студентов за людей не принимают. Деканат вообще что-то с чем-то. Орут, оскорбления постоянные, у охраны нет никакой субординации. Образование 0. Квалификация преподов 0.Преподы на парах могут открыть википедию и читать информацию. За что деньги платились ?Медпункт вообще угар, фраза"" если вам плохо,нафиг вы ко мне пришли? Идите домой!"" Оплату поднимают постоянно, каждый год, плюс еще и требуют заранее оплачивать. Не успеешь первый семак закрыть, так как тебе уже говорят плати за следующий год. Люди не поступайте сюда и не советуйте этот вуз. Берегите психику, такое вообще и врагу не пожелаешь!Есть в вузе конечно хорошие преподы, но и ..... хватает! Баллы от балды ставят,занижают оценки, предвзятое отношение к студентам. Как цепные псы. Все,что вам говорят в приемке при поступлении - ЭТО ВСЕ ПЫЛЬ ! Надеюсь,что когда-нибудь закроют данное место.Не ведитесь,что типо поступить можно без ент. Лучше сдайте, пусть у вас хотя бы КТ будет, на всякий случай. Да,поступаете без сдачи ент, но вы 200 раз пожалеете,что вы его не сдали! Поступление очень простое, вы платите сначала бабки за 1 курс, а потом сдаете экзамены. Разумеется схема понятна,что в любом случае вы сдадите данные экзамены!Минус в том,что хрен вы потом куда сможете перевестись, деньги никто не вернет, переводить доки вам не будут! Как однажды сказал один препод,нам нужны от Вас ваши деньги. Как только вы заплатите, сразу на крючке у универа! Просто так вы не уйдёте с вуза, сможете только в негосударственное учреждения РК. С таким успехом проще в Синергию уйти. Там вы железно получите диплом, а здесь бабка вилами по воде писала,сможете ли вы его вообще получить.А еще преподы позволяют себе порвать вашу работу и бросить листы в лицо студенту. И еще сказать,чтобы вы подтерлись своими бумагами. Поддерживаю все отрицательные отзывы, положительные пишет только сам уник, заставляя студентов писать. Жаль нельзя отзывы минусовыми звездами ставить.",1,Санкт-Петербургский Гуманитарный университет профсоюзов,4.1,418
Zarina Paragulgova,5 мая 2023,"Мой любимый университет ♥️
Отличные преподаватели
Уже прошло 5 лет,но до сих пор самые теплые воспоминания 🥰🥰
Образование на высшем уровне,отличное отношение к студентам,добрая атмосфера! Было бы 100 звезд не жалея бы поставила!",5,Санкт-Петербургский Гуманитарный университет профсоюзов,4.1,418
Даниил Грац,24 апреля 2023,Прекрасное место что бы научиться чему то новому и полететь в СПб и развиваться дальше,5,Санкт-Петербургский Гуманитарный университет профсоюзов,4.1,418
Эльвин Алиев,24 апреля 2023,"Хороший Университет. Сильные преподаватели. Большой плюс, что имеется комфортное общежитие",5,Санкт-Петербургский Гуманитарный университет профсоюзов,4.1,418
Тая Куркова,31 марта 2023,"Ужаснейшее место! Ужасно пожалела,что поступила к ним. На экзамене преподаватели спят, учебный отдел общается будто к ним домой пришёл. Большая часть преподавателей собирает конверты в слепой зоне. Видимо на Запесоцкого адекватные люди работать не могут, не важно в какой стране",1,Санкт-Петербургский Гуманитарный университет профсоюзов,4.1,418
Дарья Булатова,"24 марта 2023, отредактирован","можете пожалуйста уволить женщин, которые работают в деканате. Они слишком много грубят, да и вообще, наверное устали работать. Им хватит уже, пожалейте этих женщин и бедных студентов, которым приходится с ними общаться!",1,Санкт-Петербургский Гуманитарный университет профсоюзов,4.1,418
Рамазан Турдиев,6 февраля 2025,когда откроют факультет Vinted.de?,4,Distant University,4.9,84
Assylzat Begaidar,23 января 2025,Дым қорықпай оқуға кеңес беремін. Дипломның жемісін көріп отырғаныма 6 ай болды.,4,Distant University,4.9,84
Garifullauly_04 .,"18 декабря 2024, отредактирован",Топовый универ,5,Distant University,4.9,84
Айбек Жартыбаев,30 ноября 2024,Качественно и дистанционно,5,Distant University,4.9,84
Нурым Абдыкаликов,30 ноября 2024,Дистанционное оброзование доступно!!! под старость мне 35 )) решил получить оброзование высшее и не одно именно от Distant University,5,Distant University,4.9,84
zzzz xxxx,15 ноября 2024,"Қайырлы күн! Осы орталықта жұмыс жасайтын мамандарға алғыс айтқым келеді. Әсіресе, Мадина Манасқызына алғысым шексіз. Оның алдында Әлия ханым болған ол кісіге де алғыс білдіремін💚 барлық жағдайда осы екі кісі көмектесіп, қол ұшын созып, білмегенімді түсіндіріп отырды. Алға баса беріңіздер🙏",5,Distant University,4.9,84
Виктория Ткаченко,14 ноября 2024,Спасибо вам большое за отзывчивость.Всегда поможете когда к вам обращаешься.Молодцы.Удачи Вам в Вашем нелёгком труде.,5,Distant University,4.9,84
A ZZ,"14 ноября 2024, отредактирован","Осы орталыкта жумыс жасайтындарга, Мадина Манаскызына алгысым шексиз, тусинбей жаткан жерде унеми жауап берип комектесип отырады 🫶",5,Distant University,4.9,84
Аяулым Рахымбай,14 ноября 2024,Нағыз өз істерінің маманы😍 әсіресе Мадина Манасқызы үнемі бағыт бағдар беріп көмегін аямайды.,5,Distant University,4.9,84
Aruzhan Amangeldi,14 ноября 2024,"Өте керемет орталық!👍🏼 Әсіресе Мадина ханым өз ісінің маманы! Барлығын қадағалап, өте тиянақты жұмыс жасайды! Осы орталық арқылы оқуға тапсырғаныма еш өкінбеймін! Жұмыстарыңыздың жемісін көре беріңіздер!🌹👍🏼🌟",5,Distant University,4.9,84
Евгения Казначеева,14 ноября 2024,"В этом году заканчиваю университет, очень доступное обучение, девочки очень внимательные и всегда прийдут на помощь, так же консультируют и помогают по всем вопросам! Рекомендую",5,Distant University,4.9,84
Асем Анкебаева,13 ноября 2024,Нәтижелі жұмыс бар,5,Distant University,4.9,84
Жанар Нуржакып,13 ноября 2024,"Ұжымдарыңыздың жұмысы өте жоғарғы деңгейде👍 Мадина Манасқызы нағыз өз ісінің маманы,сізге алғысым шексіз❤️ Ұжымдарыңыз өсе берсін!",5,Distant University,4.9,84
Айгерим Орымбай,13 ноября 2024,Очень вежливые и грамотные сотрудники! Все понравилось!👍💯,5,Distant University,4.9,84
Талшын Кылышбек,13 ноября 2024,"👍👍👍👍👍👍👍👍👍👍👍👍👍👍👍👍👍👍👍👍👍👍👍👍👍👍👍👍👍👍👍👍👍👍👍👍👍👍
Қыздарға рақмет. Бардығын жақсы түсіндіреді",5,Distant University,4.9,84
Думан Диханбай,12 ноября 2024,"Жалпы ұжымдық жұмыс жақсы деңгейде көрсетіліп келеді ұжым жұмысы қанағаттанарлық
Дистанциялық қызметке алғыс айтамыз
Істеріңіз алға баса берсін
Бекенова Мадина ханымның жетекшілігімен жұмысымыз да сабағымыз да жақсы шешімін тауып келеді",5,Distant University,4.9,84
Солнце Солнце,12 ноября 2024,"Прекрасное учебное заведение! Отличные ребята учатся здесь! Если нужна подработка промоутером, напишите 87053006709.",5,Distant University,4.9,84
Алишер Азизов,"17 августа 2024, отредактирован","Позвонили, пригласили, отдал доки
Все чётко 👌",5,Distant University,4.9,84
Жанар Кабылбаева,18 октября 2023,"Дистания ұжымына үлкен рахмет,қызмет көрсету сапасы өте жоғары деңгейде!
Әр талапкерге түсінікті бағыт бағдар беріп,дұрыс жол көрсетеді.
Уақыты тығыз адамға білім алуға үлкен мүмкіндік!",5,Distant University,4.9,84
Акбаян Манасбай,16 октября 2023,"Поступила на дистанционное обучение с их помощью
Сервис хороший, качественные услуги, сотрудники приветливые
Офис уютный, всем советую
Большая возможность поступить на московские вузы 👍🏻😊",5,Distant University,4.9,84
Сардар Байметов,16 октября 2023,Барып кордым офистары жаксы полный тусындырып берд советую,5,Distant University,4.9,84
Айгуль Лукпанова,31 мая 2023,"Осы ұжымға кооп рахмет
Аман-есен болыңыздар
Мадина сізге кооп рахмет",5,Distant University,4.9,84
Алишер Джакупбаев,29 мая 2023,"Буйырса биыл диплом аламын, осы ужымга рахмет, оте тынгылыкты, ман-жайдын барын алдынала ескертып отырады👏",5,Distant University,4.9,84
Айшолпан Kanysh,29 мая 2023,Өте жақсы жоғарғы деңгейде көмектеседі.,5,Distant University,4.9,84
Кулайхан Барманбекова,28 мая 2023,"После колледжа былтыр оқуға тапсырдық, сопровождение жақсы жүргізіп жатыр, студентті ұмытпайды 👍🏻👍🏻",5,Distant University,4.9,84
Акбота Маликовна,26 мая 2023,"Мен магистратурага психологияга дистанционно тустим жумыс истеп окитандарга ынгайлы, Аидага рахмет,👍👍👍👍",5,Distant University,4.9,84
Мирас Сагынкожиев,26 мая 2023,"дистанционно оқып жатырмын, келесі жылы бітіремін бұйыртса
Менеджер👍",5,Distant University,4.9,84
dulat mukhituly,26 мая 2023,"Мен мұғаліммін
Дистантия арқылы магистратурада оқимын Омгада. Өте мықты білім береді. Мұғалімдері өте білімді",5,Distant University,4.9,84
Сако Алмасбек,26 мая 2023,"Колледжде экономиканы бітірдім, бірақ Айти оқығым келді дистанционно. Солай Дистантияға келіп түстім оқуға. Қазір Москвада онлайн оқып жатырмын",4,Distant University,4.9,84
Рамазан Абдуллаев,"26 мая 2023, отредактирован","жақсы сервис, көмектесті, менеджерлар сразу жауап береді",5,Distant University,4.9,84
Арман Раматилла,26 мая 2023,Жаксы сервис менеджерлеры жаксы комек беред,5,Distant University,4.9,84
Амандык Оо,26 мая 2023,"Поступаю на бакалавриат дистанционно, помогли с выбором специальности👍🏻👍🏻",5,Distant University,4.9,84
Саят Ахметжанов,26 мая 2023,Хорошо консультируют. Спасибо,5,Distant University,4.9,84
Janar Batyrkhan,26 мая 2023,Хорошо консультирует! Спасибо!,4,Distant University,4.9,84
Umit .,26 мая 2023,"Поступила на дистанционное обучение в Россию. Очень помогли с поступлением. Сотрудники вежливые, всегда отвечают и объясняют как что делать.",5,Distant University,4.9,84
Алия Жубамаева,26 мая 2023,"Учусь на магистратуре в МЭИ, Ваша компания до сих пор сопровождает. Так классно, что могу получить ответы на все свои вопросы(даже касательно тех.поддержки) 😍💣",5,Distant University,4.9,84
Alikhan Islamgozhaevich,26 мая 2023,Оз истеринин мамандары!👍,5,Distant University,4.9,84
Жаркынай Тиберикова,25 мая 2023,Хороший сервис!Всем советую👍🏼,5,Distant University,4.9,84
Дастан Телибаев,25 мая 2023,Профессиональная команда👍,5,Distant University,4.9,84
Назерке Дауренбекова,25 мая 2023,Барлығы жоғары сапада👍👍👏,5,Distant University,4.9,84
Арай Бекетаева,25 мая 2023,"Поступила на дистанционное обучение с их помощью, всем советую)",5,Distant University,4.9,84
Fatima Ospanova,25 мая 2023,Жақсы орталық,5,Distant University,4.9,84
Erasyl Nurzhaqyp,"25 мая 2023, отредактирован",Хороший сервис качественные услуги,5,Distant University,4.9,84
Агзат Беккожа,25 мая 2023,good place,5,Distant University,4.9,84
Аяулым Естай,25 мая 2023,"Хороший сервис,качественные услуги. Офис уютный,всегда быстро отвечают,узнала все о поступлении. Желаю всем удачи 😙✊",5,Distant University,4.9,84
Aliya Erekenova,25 мая 2023,"Классная атмосфера в офисе😍😍😍 приветливые сотрудники, получила ответы на все свои вопросы🥰",5,Distant University,4.9,84
Ruslan Ospanov,25 мая 2023,"Учусь на втором курсе, приемлимые цены для дистанционного обучения 🙌",5,Distant University,4.9,84
Kamshat Medetovna,25 мая 2023,"Была вчера там, менеджеры приветливые и знают свои работы на все 100%👍🏻",5,Distant University,4.9,84
Aruzhan Ospanova,25 мая 2023,Отлично консультируют!,4,Distant University,4.9,84
Farida Ospanova,13 мая 2023,"была в офисе вчера, проконсультировали по поводу обучения и угостили сладостями :) очень уютно",5,Distant University,4.9,84
Arman Alikhanuly,"12 апреля 2025, отредактирован","Курсераны алып тастау керек, ал былай бәрі жақсы",4,Международный университет информационных технологий,4.1,1327
Абылай 👍,11 апреля 2025,Негізі жақсы университет бұл жақта оқымасаң😍,2,Международный университет информационных технологий,4.1,1327
zhan1m Mirzakarimov,10 апреля 2025,"неге не можем выбрать дисциплины сами? даете выбор без выбора , как понять, лучше тогда сами добавляйте эти дисциплины , бостан боска тандардан деп адамга пустой надежда берп",1,Международный университет информационных технологий,4.1,1327
Милана Татанова,9 апреля 2025,👎👎👎👎👎👎👎👎👎👎👎,1,Международный университет информационных технологий,4.1,1327
Inst: amrkyxc,"8 апреля 2025, отредактирован",Туалетик,5,Международный университет информационных технологий,4.1,1327
Галамат Оркен,8 апреля 2025,Мактайн десем билимим жетпид,1,Международный университет информационных технологий,4.1,1327
Акниет Орынбек,5 апреля 2025,не поступайте в эту шарагу,1,Международный университет информационных технологий,4.1,1327
Ерасыл Сагиндыков,"3 апреля 2025, отредактирован",Не пускают в парковку универа,1,Международный университет информационных технологий,4.1,1327
kubik nick,2 апреля 2025,"в деканатах сидят на жизнь обиженные люди, которые вообще не хотят выполнять свою работу, никогда не идут на встречу студентам, даже будучи на 4 курсе возникает ощущение, университет только хочет осложнить жизнь студенту не имея никакой лояльности, искренне не советую никому не поступать сюда даже на грант",1,Международный университет информационных технологий,4.1,1327
Alikhan Belgibayev,27 марта 2025,🙂,5,Международный университет информационных технологий,4.1,1327
Dias Dias,24 марта 2025,"Не запускают на парковку! Уже на третьем курсе, на первом курсе проезжал на территорию договариваясь, сейчас вообще не проехать. Бывает ищешь по 15-30 минут места рядом с универом, 2 раза опаздывал на экзамен из-за этой причины. Когда начнете запускать студентов?",1,Международный университет информационных технологий,4.1,1327
Gabit Mukan,21 марта 2025,Лучший универ❤️,5,Международный университет информационных технологий,4.1,1327
Абзал Мукажанов,17 марта 2025,"Слишком большая власть в руках преподавателей, ставят что хотят и творят что хотят. Никогда не знаешь каким образом получилась такая оценка, зачем вообще учился и получал оценки, если они по итогу вообще ни на что не влияли.",1,Международный университет информационных технологий,4.1,1327
Михаил Кудзе,"17 марта 2025, отредактирован","Много фей на выбор, отличное место. Рекомендую к посещению опытным ходокам",5,Международный университет информационных технологий,4.1,1327
Умид Арифжанов,15 марта 2025,Самый лучшый выбор для студентов😍😍😍,5,Международный университет информационных технологий,4.1,1327
Pudge,"13 марта 2025, отредактирован","Плюсы: могут поставить оценку через рандомайзер
Почему минус две звезды? Потому что",3,Международный университет информационных технологий,4.1,1327
Huba Buba,12 марта 2025,"Университет ужасный. Объясняю почему:
1. Вроде бы университет считается топовым среди технологичных университетов и славится своим именем в КЗ, но при этом имеет такие страшные здания, что главный корпус времен 90-00х что второй корпус в БЦ Байзак, в главном корпусе еще лифт неисправный, может легко покалечить девушку или ребенка. Имея такую популярность не могут потратить на то чтобы сделать ремонт здания, когда в Алмате менее популярные университеты уже давно имеют очень классные ремонты.
2. Ужасные учителя, и не лояльность персонала по отношению к ученикам. Ученики тут в глазах учителей это объект для поднятия своей самооценки или для погашения собственных потребности связанных с властью. Учителя тут любят поиздеваться над учениками так как понимают что от них зависит будут ли они на стипендии или на гранте. В случае если упустил какую то информацию и пропустил дедлайн сдачи на день , то уже никакой лояльности со стороны учителей здесь не будет, не дадут дополнительных заданий, скажут что надо было раньше. 3. Знания, тут вообще ими не пахнет, возможно раньше тут и можно было получить какую то базу по разработке, или в той или иной сфере, но сейчас тут вообще не пахнет никакими знаниями, лишь издевательство над студентами, когда днями ночами не спишь и делаешь какой то проект а учитель харкает в лицо и говорит что прошел дедлайн, это конечно очень сильно расстраивает и убивает напрочь мотивацию учиться или продолжать обучение тут. На данный момент(2024-2025) не советую студентам выбирать и рассматривать этот университет.",1,Международный университет информационных технологий,4.1,1327
Bauyrzhan Akbura,"9 марта 2025, отредактирован",50/50,3,Международный университет информационных технологий,4.1,1327
Davlat Gaipnazarov,"6 марта 2025, отредактирован","Звоню на колл центр, никто трубку не берет!!!
Перезвоните пожалуйста +7-707-989-97-98 Хотели с города Актау учеников на экскурсию принести и показать ваш универ, но не можем дозвониться!!! Ждем от вас хороших новостей и приятных встреч",5,Международный университет информационных технологий,4.1,1327
dana,"5 марта 2025, отредактирован",средненько,3,Международный университет информационных технологий,4.1,1327
Абылайхан Бурабаев,3 марта 2025,Досым үшін кешірім сұраймын,1,Международный университет информационных технологий,4.1,1327
Ернур Жанат,3 марта 2025,"Как школьник учусь в ОТЦ, в универе все хорошо но не устраивает состояние 110 и 111 кабинета, розетки выдернуты, от обогревателей воняет и компьютеры уже очень старые, а так все отлично",4,Международный университет информационных технологий,4.1,1327
Али Кайсарулы,28 февраля 2025,"прикольный уник, поступайте поднимайте гпа и англ и загран можете",5,Международный университет информационных технологий,4.1,1327
Kopzhasar - Nurlykbekov,27 февраля 2025,👎🏿,1,Международный университет информационных технологий,4.1,1327
Yelnar Kavkenov,"24 февраля 2025, отредактирован",Лучший вуз страны! Ни капли не сожалею что 4 года назад выбрал МУИТ❤️,5,Международный университет информационных технологий,4.1,1327
Alima Aubakirova,22 февраля 2025,мне нравится,5,Международный университет информационных технологий,4.1,1327
Ulyana Asmus,17 февраля 2025,классное место там дима учится,5,Международный университет информационных технологий,4.1,1327
Жанна Нургалиева,"15 февраля 2025, отредактирован",😍😍😍,5,Международный университет информационных технологий,4.1,1327
Hick Nick,"13 февраля 2025, отредактирован","Закончил здесь, думаю все зависет от самого человека.
Кем он стал, или никем. Сам лично доволен.",5,Международный университет информационных технологий,4.1,1327
Mr Big,"10 февраля 2025, отредактирован","Читаю комментарий, якобы от Merei Adilbek от 01.02.25, и не могу не улыбнуться, учитывая, что я его не писала. Как же легко быть анонимным критиканом, когда не нужно нести ответственности за свои слова. Очевидно, что человек, решивший оставить этот комментарий, не был занят чем-то важным, кроме как приписывать выдуманный опыт. Возможно, в реальной жизни он даже не может найти свою роль, поэтому решил нацепить маску критика, если уж решаешься на такой шаг, попытайся хотя бы немного логики подключить. Это, конечно, не мой стиль, я не занимаюсь бредом и не выкидываю необоснованные комменты.Прежде чем что-то публиковать, лучше научись
аргументировать свое мнение, и оставлять конструктивные комменты",5,Международный университет информационных технологий,4.1,1327
Secret Guest,10 февраля 2025,"Отзыв, оставленный 1 февраля 2025, якобы от имени Мерей, не имеет к ней никакого отношения, подтверждаю, как близкий человек, который был в недоумении от этого. Использование чужих данных без разрешения, тем более для подстав, не остается без последствий.

Ты сам/сама выбрал(а) этот путь. Беря чужое имя, ты взял(а) на себя и всё, что с ним связано. Особенно весь груз, всю боль, все тяготы. А всё хорошее и удача уходят вместе с тем, чьим именем ты прикрыл(ась)ся. Это не вопрос веры, это просто так работает.

Не поленюсь всё это реализовать и закрепить. Ресурсов хватает. И ведь бывают же дурачки, которые собственноручно, создавая связь, помогают произвести данный вид подмены, мда.
В общем, жди)",5,Международный университет информационных технологий,4.1,1327
Алтын Викинг,"8 февраля 2025, отредактирован",💘💘💘💘💘💘💘💘💘💘,5,Международный университет информационных технологий,4.1,1327
Yeldos Abildos,"6 февраля 2025, отредактирован",Лучший университет,5,Международный университет информационных технологий,4.1,1327
Yerzhigit Myrzabaev,19 января 2025,"Образование честно сказать скатилось, многие покинули преподавание в университете и начали набирать кого попало. Ладно бы только это, также университет не поддерживает чтобы студенты старших курсов начинали свою карьеру. Я не помню точно кто это был, но мне отказали в свободном посещений с gpa 3.48. Причина : ""его уже мы дали трем студентам, мы не раздаём сп"". Не понимал и все ещё не понимаю ведь сп это просто свободное посещение а не освобождение от всех уроков и домашки. Были несколько случаев повышения полномочий, это когда тебя просят сдать документы что ты работаешь но данный док не принимают потому что ты не хочешь устроить дочь сотрудника на ту же компанию где работаешь сам. Без негатива это чисто факты которых я описал как это прошло у меня. Как говорится көпке топырақ шашпаймын но везде есть неприятные моменты и неприятные личности! А про то что там условий никакой нет для обучения, про то что компы банальные в айти университете еле могут просто запустится говорит о многом)) А скорость вайфая на основном корпусе просто сказка.",1,Международный университет информационных технологий,4.1,1327
Абдусаттар Касымбеков,"19 января 2025, отредактирован","Шарага, компьютеры старые, включаются медленно. Большинство преподавателей не знают свой предмет от слова совсем. Оценки работают так, что ты должен к каждому преподавателю подлизываться. Не могут даже нормальное расписание организовать. Большинство кабинетов душные и воздуха в них нет, окна открыть нельзя. Знаний в универе нет, если есть то они не обновлялись с того года когда универ был основан. Ну как бы форма универа в виде унитаза, сама за себя говорит.",1,Международный университет информационных технологий,4.1,1327
Имя,"7 января 2025, отредактирован",Интерьер не очень,4,Международный университет информационных технологий,4.1,1327
Шынар Жакипова,6 января 2025,Супер приложение 💐,5,Международный университет информационных технологий,4.1,1327
Rauan 🗽,"28 декабря 2024, отредактирован",практиковали,4,Международный университет информационных технологий,4.1,1327
Jalil Dev ops,"26 декабря 2024, отредактирован","Скам, испортить бал за один вечер а исправить ошибку точно собираться не будут",1,Международный университет информационных технологий,4.1,1327
Dariga Myrzamuratova,"26 декабря 2024, отредактирован","Сдавала экзамен TOEFL. Все сотрудники, начиная с охраны, были вежливыми и внимательными. Спасибо сотрудникам тестового центра за хорошую организацию",5,Международный университет информационных технологий,4.1,1327
L A,"24 декабря 2024, отредактирован","Самый худший препод вуза - Аделеке Олуфеми Вильям.Начнем с того, что он преподавать не умеет от слова совсем, допускает чрезмерную откровенность , и нарушает личные границы. На лекциях обсуждает вульгарные темы несвязанные с предметом, и принижает наезжая если твое мнение, не совпадает с его.За 2 аттестацию как правило он всем ставит из 100 возможных баллов, 44.Оценки выставляются необоснованно.Сдав всю практику на 80-100, рубежный контроль на 90, за аттестацию получила всего 44, баллы тупо берутся из воздуха.Очень обидно, что такие баллы ставятся необоснованно , даже при посещении всех пар и лекции. Это очень сильно отбивает желание дальше учиться.За все годы обучения в вузе я встречала всяких преподавателей, но этот несомненно самый худший!

Таких некомпетентных преподавателей не стоит держать в вузе, только понижаете значимость и статус.",1,Международный университет информационных технологий,4.1,1327
Темирлан Рахимов,23 декабря 2024,Соска кыздар коп екен,5,Международный университет информационных технологий,4.1,1327
Александр Скворцов,22 декабря 2024,Самый лучший IT университет!!!,5,Международный университет информационных технологий,4.1,1327
Ильяс Рахимбаев,19 декабря 2024,"Амирхану Шонову поставьте 90+ за сессию,а так норм уник",5,Международный университет информационных технологий,4.1,1327
Askall Off,"17 декабря 2024, отредактирован",Кайсар Т Е лучший преподаватель по дискретной математике руки ему целовал🥺,5,Международный университет информационных технологий,4.1,1327
Амир,11 декабря 2024,"Когда говорю знакомым что учусь здесь, они перестают со мной общаться. Пока минусов нет.",5,Международный университет информационных технологий,4.1,1327
Markabaev Nurmukasan,7 декабря 2024,Очень очень норм,5,Международный университет информационных технологий,4.1,1327
Mila Temirali,4 декабря 2024,👍🏼 хороший университет,5,Международный университет информационных технологий,4.1,1327
Саркисов Владислав,3 декабря 2024,"Лучший универ, здесь действительно приобретаешь знания, по пути находишь друзей. Все условия для обучения в общем. МУИТ топ, никогда не забуду",5,Международный университет информационных технологий,4.1,1327
Sabina,3 декабря 2024,"Отличный университет с качественным образованием, опытными преподавателями и современным подходом к обучению. Здесь можно получить не только знания, но и поддержку для профессионального роста.",5,Международный университет информационных технологий,4.1,1327
Не указано,12 февраля 2025,Бетке ұстар универімғой,5,Университет Нархоз,4.4,3463
Мырза .,12 апреля 2025,"Я хочу в этом году у вас учиться,можете посоветовать,стоит ли?",5,Университет Нархоз,4.4,3463
Faku Nik,11 апреля 2025,"Уважаемая администрация, учитель Шахмар агай(и не только) — человек недалеко ума, как он вообще проходил собеседование, когда вы его нанимали? Его уровень английского не дотягивает даже до 5-го класса, не знает английский совершенно и при этом преподает предметы 2+ курсам, у которых обучение проходит на английском. Также ни черта не знает предметы, которые преподает, просто читает с презентаций, а на какие-либо вопросы на которые ответит не может, отвечает: «Спросите у ChatGPT». Также часто опаздывает на пары, бывает даже на 20 минут, а когда кто-то опаздывает на 2–3 минуты, отказывается ставить аттенданс, отвечая: «Не мои проблемы». У меня у него идет урок криптографии, и какого фига нам задают дз, как, например: создать телеграм-бота, подключить базу данных и т.д.? Хотя по программе мы этого не проходили и не знаем. Как так получилось, что человека, который ничего не знает, пустили в учителя? А в деканат жаловаться бесполезно, так как все равно не будут предприняты какие-нибудь меры (уже жаловался, и безрезультатно). Вы нанимаете учителей по принципу: закончил какой-то универ, не важно, шарагу или нормальный вуз, и не смотря гпа — значит, подходит? + К этому же бесит, что у каждого учителя своя система оценивания, из-за которой многие валят предметы, сделайте единую систему оценивания на каждый предмет.
Топ-1 университет в галактике млечный путь(как они говорят).",1,Университет Нархоз,4.4,3463
Даниал Әлімжан,"11 апреля 2025, отредактирован","Трубканы котерндерш ,хотябы сообдениямды окындарш",1,Университет Нархоз,4.4,3463
Александр Подлесный,"11 апреля 2025, отредактирован","Очень крутое место, все современно, приветственные сотрудники, классная библиотека, есть места отдыха и мини баров студенческими ценами.",5,Университет Нархоз,4.4,3463
Дархан Тәңірберген,10 апреля 2025,"Учусь здесь ,все круто",5,Университет Нархоз,4.4,3463
Ulan Sarsembayev,"9 апреля 2025, отредактирован",жди меня мой уник 😘,5,Университет Нархоз,4.4,3463
Nurtay Serik,8 апреля 2025,"Университет оснащён современными технологиями, а преподаватели всегда готовы помочь.

Кто тут босс???♥️♥️",5,Университет Нархоз,4.4,3463
FIL Lili,8 апреля 2025,"Возьмите уже всё под контроль. Серьёзно. Где проверки? Где соответствие «цена — качество»? Мы — студенты, а значит потребители образовательной услуги, и за эти деньги хотим хотя бы адекватного подхода. А пока складывается ощущение, что требования растут, цены поднимаются, а ответственность — нулевая.

А теперь про сам учебный процесс. Я учусь в гуманитарной школе, и это просто бардак. По большинству дисциплин ощущение, что всё делается на отвали. Особенно философия — предмет, который должен формировать мышление, а по факту превращён в прогулки по выставкам. Преподаватель (Филатова) ведёт курс так, как будто сама не уверена, что такое философия. Ни структуры, ни глубоких тем, ни разборов. Имитация обучения вместо реального преподавания.

Во многих предметах — то же самое. Преподаватели читают слайды, уходят от содержания, строят «дискуссии», чтобы не касаться сложных тем. Некоторые просто «эксперты», но преподавателями их не назовёшь. Таких, кто реально умеет преподавать, можно пересчитать по пальцам одной руки.

Если вы правда заботитесь об образовании, наведите порядок. Проверьте, что читают, кто читает и как читают. А потом уже повышайте цены и требования. Потому что пока всё выглядит как красивая обёртка с пустотой внутри.",1,Университет Нархоз,4.4,3463
mardaanaaa 🎐,"8 апреля 2025, отредактирован",Самый лучший ВУЗ✨,5,Университет Нархоз,4.4,3463
Нұртілеу Ақыл,7 апреля 2025,Норм,5,Университет Нархоз,4.4,3463
Нурали Рахым,"7 апреля 2025, отредактирован",Там просто сестра учиться,5,Университет Нархоз,4.4,3463
Dina Sharipbai,7 апреля 2025,Если что робот емес адамбыз біз!миға сенетін нарсе істеңдерш!,1,Университет Нархоз,4.4,3463
Aidana Orynbaeva,"5 апреля 2025, отредактирован","1 звезда - Сабина Климова.
если есть желание 24/7 проводить время в универе, то уелком)
подхода к студентам ноль, оффлайн не попасть к администрации, вечная очередь. а онлайн пишешь на почту, отвечают неделями и то и месяцами. (иногда вовсе оставляют без ответа)
есть преподаватели которых можно пальцами одной руки сосчитать, которые замечательно преподают а не исполняют роль «хороший эксперт, ноль препод».
да ради бога, возьмите уже под контроль всех и вся, прежде чем завышать цены и требования!
а так да дизайн хороший, конечно столько денег и сил было вложено.
ВШЭМ - Климова С.А. любовь🫶🏻",1,Университет Нархоз,4.4,3463
Marjan Sadykova,"4 апреля 2025, отредактирован",Звезды,5,Университет Нархоз,4.4,3463
Renat,"3 апреля 2025, отредактирован",НАРМАЛНА,5,Университет Нархоз,4.4,3463
Shadd S,"1 апреля 2025, отредактирован","Дизайн класс, как и образование",5,Университет Нархоз,4.4,3463
Timosheees ),31 марта 2025,Хорошое место для учебы,5,Университет Нархоз,4.4,3463
E. Aqniet .,"31 марта 2025, отредактирован",It is a very interesting and high-quality university. There are a lot of useful clubs and faculties,4,Университет Нархоз,4.4,3463
madina syrymova,"29 марта 2025, отредактирован",😍😍😍,5,Университет Нархоз,4.4,3463
Anna,29 марта 2025,"Очень понравилось заведение. Какие приятные преподаватели, уважение, внимание. Облагороженная территория, где можно посидеть и обогатиться кислородом (специально высаженные деревья и правильно расставлены беседки).",5,Университет Нархоз,4.4,3463
It’s Madi,"26 марта 2025, отредактирован","В последний (15-й) учебный неделю(осенний семестр) я по состоянию здоровья попал в больницу и заранее уведомил старосту о своём отсутствии. Однако преподаватель отметил моё отсутствие как неуважительную причину, несмотря на уведомление через старосту.

Когда через неделю как только я получил справку, я передал справку преподавателю, он заявил, что система Canvas уже закрыта, и изменения внести невозможно. При этом на тот момент был 17 декабря, и, согласно правилам, система не должна была быть закрыта.

Из-за этой ошибки мой показатель посещаемости оказался ниже 80%, что привело к недопуску к экзамену. Я обратился в КОК факультета, однако мой вопрос был проигнорирован. Голоса членов комиссии разделились (2 «за», 2 «против»), но в итоге решение в мою пользу так и не было принято. Более того, меня необоснованно обвинили в преднамеренном пропуске двух учебных дней (четырёх пар), хотя у каждого студента могут возникнуть обстоятельства, из-за которых он вынужден пропустить занятия.

Последним шагом было обращение к деканату, но мой запрос также остался без ответа.

университет не относится серьёзно к проблемам студентов, а система Canvas работает с ошибками, создавая дополнительные трудности. Отсутствие оперативной реакции и справедливого решения таких ситуаций ставит под сомнение эффективность работы учебного заведения.",1,Университет Нархоз,4.4,3463
Zhansezim Sarsebek,26 марта 2025,The best University,5,Университет Нархоз,4.4,3463
Alikhan Kanat,"26 марта 2025, отредактирован",👍🏻👍🏻👍🏻👍🏻👍🏻❤️👍🏻👍🏻👍🏻🤘🏻👍🏻❤️👍🏻🤘🏻❤️🤘🏻👍🏻❤️🤘🏻👍🏻🙌🏻🙌🏻🙌🏻🙌🏻👏🏻👏🏻🙌🏻👏🏻🙌🏻👏🏻🙌🏻👏🏻🙌🏻🦁🦁🦁🦁🦁🦁🦁🦁🦁🦁🦁🦁,5,Университет Нархоз,4.4,3463
Madiyar Adilkhanov,25 марта 2025,"классный универ, красивый кампус",5,Университет Нархоз,4.4,3463
Шакизад Рахменшеев,"23 марта 2025, отредактирован",Я там проходил обучение,5,Университет Нархоз,4.4,3463
Асем Мырзахмедова,"23 марта 2025, отредактирован",Аидаға барып тұрамын анда санда😇,5,Университет Нархоз,4.4,3463
Shamil Yereulov,21 марта 2025,"либо нормально почините канвас, либо вообще перейдите пожалуйста на какую то другую платформу. целый год тормозит, по 5 мин ждешь чтобы открыть одну вкладку, а эти последние 2 недели она вообще легла. что происходит? многие дедлайны горят, оценки посмотреть анрил, подготовиться по материалам вообще невозможно",1,Университет Нархоз,4.4,3463
Nurgisa Adilzhan,20 марта 2025,Самый лучший универ❤️,5,Университет Нархоз,4.4,3463
Хасан Турганбеков,"19 марта 2025, отредактирован",🔥🔥🔥,5,Университет Нархоз,4.4,3463
XAN KORI,15 марта 2025,Мені алса 6 қойып беремін,5,Университет Нархоз,4.4,3463
Орысбай Қанағат,14 марта 2025,😍,5,Университет Нархоз,4.4,3463
LiodaT,"13 марта 2025, отредактирован","Обучение в этом университете оставляет желать лучшего. Регистрация на курсы – настоящий хаос: система зависает, мест катастрофически не хватает. Из-за чего студенты вынуждены откладывать изучение нужных им дисциплин, что только усложняет процесс обучения.
Преподавательский состав неоднородный – есть хорошие специалисты, но встречаются и такие, кто не разбирается в своём предмете, читает лекции по старым материалам и не отвечает на вопросы студентов. Некоторые даже открыто выражают неуважение к учащимся. В этом плане выделяется преподаватель Арганчиева Динара Булатовна.
Администрация тоже не спешит решать проблемы – эдвайзеры молчат, техподдержка не работает, а любые обращения игнорируются. К тому же, университет вынуждает студентов проходить бессмысленные опросы об удовлетворённости, угрожая недопуском к сессии.
За такую стоимость обучения организация процесса должна быть на порядок выше. Вместо этого – полный бардак и отсутствие желания что-то менять.",2,Университет Нархоз,4.4,3463
Snzhk Snzhk,13 марта 2025,"Университет нельзя назвать полностью плохим, но и достойного уровня он явно не демонстрирует. Главная проблема — слабый преподавательский состав, вне зависимости от направления. Особенно разочаровывает работа Арганчиевой Динары Булатовны. Её отношение к студентам непрофессиональное, она не скрывает предвзятости и явно не владеет материалом на должном уровне. На занятиях может просто искать информацию в интернете, запрещает использование нейросетей, но сама, похоже, активно их применяет. Удивительно, что человек с таким уровнем знаний работает не только в вузе, но и в сфере практической психологии. Студенты уже неоднократно жаловались на неё, но никаких мер так и не принято.

Не менее странной выглядит политика администрации. В конце семестра от студентов требуют заполнить анкету об удовлетворённости обучением, угрожая в противном случае не допустить их к сессии. Очевидно, что цель этого опроса — создать видимость благополучия, а не реально улучшать ситуацию.

Кроме того, университет поражает своей хронической неорганизованностью. Каждый семестр начинается с полного хаоса: эдвайзеры молчат, техподдержка игнорирует обращения, а студенты вынуждены разбираться во всём сами. И что самое неприятное — эта ситуация повторяется из года в год, но никого, похоже, это не волнует. Чем дальше, тем сильнее разочарование.",2,Университет Нархоз,4.4,3463
Shoka .,"13 марта 2025, отредактирован","В целом универ не сильно плох, но он и не хорош. Преподавательский состав хромает на всех специальностях, особенно хотелось выделить преподавательницу Арганчиеву Динару Булатовну, совершенно непрофессиональное отношение к студентам, открыто выражает неприязнь к конкретным студентам и ее предвзятое к ним отношение, очень странно преподает, гуглит на занятиях, присекает чат ГПТ и др. нейронки, тем не менее сама пользуется им, делая задания на его основе, не знает простейшие термины, как вообще можно преподавать не зная предмет? Особенно удивило то, что она действующий практик-психолог... Очень странно, что такие люди учат будущих специалистов, она сама говорила, что на нее уже было написано много репортов, но деканат ничего не хочет с этим делать.

Так же хотелось отметить особенную неэтичность со стороны администрации, в конце каждого семестра учеников просят заполнить особый опрос по удовлетворенности в услугах универа, так вот, в чем заключается неэтичность, если не заполнить данный опрос - не допустят к сессии. Мне кажется, что это не есть нормально.

Ещё меня напрягает ужасная неорганизованность универа особенно в каждом начале нового семестра, эдвайзеры не отвечают, техподдержка тоже молчит, каждый год одно и то же! И опять же, никто ничего не хочет с этим делать, просто разочаровываюсь в этом универе каждый год.",2,Университет Нархоз,4.4,3463
Aisha Akhmetova,"13 марта 2025, отредактирован","ну прикольное место, но щас я дома уже",5,Университет Нархоз,4.4,3463
Dariya Zhenisqyzy,11 марта 2025,👍,5,Университет Нархоз,4.4,3463
Aiym S,10 марта 2025,Осы универге тусемин буйырса 👏🏻👏🏻😍😍🥰🥰,5,Университет Нархоз,4.4,3463
Мықтыбай Әкежан,8 марта 2025,Буйырса станешь моим уником через год❤️,5,Университет Нархоз,4.4,3463
Aminasa 🐒,7 марта 2025,Там очень классно,5,Университет Нархоз,4.4,3463
Maruka 🌙,"5 марта 2025, отредактирован",Красивыц огромный люди очень добрые😻😻,5,Университет Нархоз,4.4,3463
Гульмира Базарбаева,"5 марта 2025, отредактирован",Керемет. Бізді гүл құшақпен қарсы алды!Алғыстар айтамын!,5,Университет Нархоз,4.4,3463
Дарьян,"2 марта 2025, отредактирован","Уник пойдет, учиться тяжело капец…",5,Университет Нархоз,4.4,3463
Мейрбек Бектурсын,2 марта 2025,"Здание неплохое, просторное пока еще не учился, но буду!",4,Университет Нархоз,4.4,3463
rami 🐈‍⬛,2 марта 2025,"универ топ, особенно охранное агентство топаз-5, помогли моей подруге найти телефон и в целом были очень доброжелательные",5,Университет Нархоз,4.4,3463
Arman 👾,"2 марта 2025, отредактирован",әдеміііііі,5,Университет Нархоз,4.4,3463
Aisultan Tolybekov,"1 марта 2025, отредактирован",Ап адемы кызым окиды сол ушн гана,5,Университет Нархоз,4.4,3463
Александра В,"28 февраля 2025, отредактирован",Универ ван лав ❤️,5,Университет Нархоз,4.4,3463
Батырхан Мырзашев,27 февраля 2025,"Здравствуйте можете дать информацию о военной кафедре
Сколько стоит?
Сколько учиться?",5,Университет Нархоз,4.4,3463
Bakytnur Shandalinov,"27 февраля 2025, отредактирован",Отопление қосыңдарша Құдай үшін каждый адамнан ақша алып отырсыңдар,2,Университет Нархоз,4.4,3463
Arman Alikhanuly,"12 апреля 2025, отредактирован","Курсераны алып тастау керек, ал былай бәрі жақсы",4,Международный университет информационных технологий,4.1,1327
Абылай 👍,11 апреля 2025,Негізі жақсы университет бұл жақта оқымасаң😍,2,Международный университет информационных технологий,4.1,1327
zhan1m Mirzakarimov,10 апреля 2025,"неге не можем выбрать дисциплины сами? даете выбор без выбора , как понять, лучше тогда сами добавляйте эти дисциплины , бостан боска тандардан деп адамга пустой надежда берп",1,Международный университет информационных технологий,4.1,1327
Милана Татанова,9 апреля 2025,👎👎👎👎👎👎👎👎👎👎👎,1,Международный университет информационных технологий,4.1,1327
Inst: amrkyxc,"8 апреля 2025, отредактирован",Туалетик,5,Международный университет информационных технологий,4.1,1327
Галамат Оркен,8 апреля 2025,Мактайн десем билимим жетпид,1,Международный университет информационных технологий,4.1,1327
Акниет Орынбек,5 апреля 2025,не поступайте в эту шарагу,1,Международный университет информационных технологий,4.1,1327
Ерасыл Сагиндыков,"3 апреля 2025, отредактирован",Не пускают в парковку универа,1,Международный университет информационных технологий,4.1,1327
kubik nick,2 апреля 2025,"в деканатах сидят на жизнь обиженные люди, которые вообще не хотят выполнять свою работу, никогда не идут на встречу студентам, даже будучи на 4 курсе возникает ощущение, университет только хочет осложнить жизнь студенту не имея никакой лояльности, искренне не советую никому не поступать сюда даже на грант",1,Международный университет информационных технологий,4.1,1327
Alikhan Belgibayev,27 марта 2025,🙂,5,Международный университет информационных технологий,4.1,1327
Dias Dias,24 марта 2025,"Не запускают на парковку! Уже на третьем курсе, на первом курсе проезжал на территорию договариваясь, сейчас вообще не проехать. Бывает ищешь по 15-30 минут места рядом с универом, 2 раза опаздывал на экзамен из-за этой причины. Когда начнете запускать студентов?",1,Международный университет информационных технологий,4.1,1327
Gabit Mukan,21 марта 2025,Лучший универ❤️,5,Международный университет информационных технологий,4.1,1327
Абзал Мукажанов,17 марта 2025,"Слишком большая власть в руках преподавателей, ставят что хотят и творят что хотят. Никогда не знаешь каким образом получилась такая оценка, зачем вообще учился и получал оценки, если они по итогу вообще ни на что не влияли.",1,Международный университет информационных технологий,4.1,1327
Михаил Кудзе,"17 марта 2025, отредактирован","Много фей на выбор, отличное место. Рекомендую к посещению опытным ходокам",5,Международный университет информационных технологий,4.1,1327
Умид Арифжанов,15 марта 2025,Самый лучшый выбор для студентов😍😍😍,5,Международный университет информационных технологий,4.1,1327
Pudge,"13 марта 2025, отредактирован","Плюсы: могут поставить оценку через рандомайзер
Почему минус две звезды? Потому что",3,Международный университет информационных технологий,4.1,1327
Huba Buba,12 марта 2025,"Университет ужасный. Объясняю почему:
1. Вроде бы университет считается топовым среди технологичных университетов и славится своим именем в КЗ, но при этом имеет такие страшные здания, что главный корпус времен 90-00х что второй корпус в БЦ Байзак, в главном корпусе еще лифт неисправный, может легко покалечить девушку или ребенка. Имея такую популярность не могут потратить на то чтобы сделать ремонт здания, когда в Алмате менее популярные университеты уже давно имеют очень классные ремонты.
2. Ужасные учителя, и не лояльность персонала по отношению к ученикам. Ученики тут в глазах учителей это объект для поднятия своей самооценки или для погашения собственных потребности связанных с властью. Учителя тут любят поиздеваться над учениками так как понимают что от них зависит будут ли они на стипендии или на гранте. В случае если упустил какую то информацию и пропустил дедлайн сдачи на день , то уже никакой лояльности со стороны учителей здесь не будет, не дадут дополнительных заданий, скажут что надо было раньше. 3. Знания, тут вообще ими не пахнет, возможно раньше тут и можно было получить какую то базу по разработке, или в той или иной сфере, но сейчас тут вообще не пахнет никакими знаниями, лишь издевательство над студентами, когда днями ночами не спишь и делаешь какой то проект а учитель харкает в лицо и говорит что прошел дедлайн, это конечно очень сильно расстраивает и убивает напрочь мотивацию учиться или продолжать обучение тут. На данный момент(2024-2025) не советую студентам выбирать и рассматривать этот университет.",1,Международный университет информационных технологий,4.1,1327
Bauyrzhan Akbura,"9 марта 2025, отредактирован",50/50,3,Международный университет информационных технологий,4.1,1327
Davlat Gaipnazarov,"6 марта 2025, отредактирован","Звоню на колл центр, никто трубку не берет!!!
Перезвоните пожалуйста +7-707-989-97-98 Хотели с города Актау учеников на экскурсию принести и показать ваш универ, но не можем дозвониться!!! Ждем от вас хороших новостей и приятных встреч",5,Международный университет информационных технологий,4.1,1327
dana,"5 марта 2025, отредактирован",средненько,3,Международный университет информационных технологий,4.1,1327
Абылайхан Бурабаев,3 марта 2025,Досым үшін кешірім сұраймын,1,Международный университет информационных технологий,4.1,1327
Ернур Жанат,3 марта 2025,"Как школьник учусь в ОТЦ, в универе все хорошо но не устраивает состояние 110 и 111 кабинета, розетки выдернуты, от обогревателей воняет и компьютеры уже очень старые, а так все отлично",4,Международный университет информационных технологий,4.1,1327
Али Кайсарулы,28 февраля 2025,"прикольный уник, поступайте поднимайте гпа и англ и загран можете",5,Международный университет информационных технологий,4.1,1327
Kopzhasar - Nurlykbekov,27 февраля 2025,👎🏿,1,Международный университет информационных технологий,4.1,1327
Yelnar Kavkenov,"24 февраля 2025, отредактирован",Лучший вуз страны! Ни капли не сожалею что 4 года назад выбрал МУИТ❤️,5,Международный университет информационных технологий,4.1,1327
Alima Aubakirova,22 февраля 2025,мне нравится,5,Международный университет информационных технологий,4.1,1327
Ulyana Asmus,17 февраля 2025,классное место там дима учится,5,Международный университет информационных технологий,4.1,1327
Жанна Нургалиева,"15 февраля 2025, отредактирован",😍😍😍,5,Международный университет информационных технологий,4.1,1327
Hick Nick,"13 февраля 2025, отредактирован","Закончил здесь, думаю все зависет от самого человека.
Кем он стал, или никем. Сам лично доволен.",5,Международный университет информационных технологий,4.1,1327
Mr Big,"10 февраля 2025, отредактирован","Читаю комментарий, якобы от Merei Adilbek от 01.02.25, и не могу не улыбнуться, учитывая, что я его не писала. Как же легко быть анонимным критиканом, когда не нужно нести ответственности за свои слова. Очевидно, что человек, решивший оставить этот комментарий, не был занят чем-то важным, кроме как приписывать выдуманный опыт. Возможно, в реальной жизни он даже не может найти свою роль, поэтому решил нацепить маску критика, если уж решаешься на такой шаг, попытайся хотя бы немного логики подключить. Это, конечно, не мой стиль, я не занимаюсь бредом и не выкидываю необоснованные комменты.Прежде чем что-то публиковать, лучше научись
аргументировать свое мнение, и оставлять конструктивные комменты",5,Международный университет информационных технологий,4.1,1327
Secret Guest,10 февраля 2025,"Отзыв, оставленный 1 февраля 2025, якобы от имени Мерей, не имеет к ней никакого отношения, подтверждаю, как близкий человек, который был в недоумении от этого. Использование чужих данных без разрешения, тем более для подстав, не остается без последствий.

Ты сам/сама выбрал(а) этот путь. Беря чужое имя, ты взял(а) на себя и всё, что с ним связано. Особенно весь груз, всю боль, все тяготы. А всё хорошее и удача уходят вместе с тем, чьим именем ты прикрыл(ась)ся. Это не вопрос веры, это просто так работает.

Не поленюсь всё это реализовать и закрепить. Ресурсов хватает. И ведь бывают же дурачки, которые собственноручно, создавая связь, помогают произвести данный вид подмены, мда.
В общем, жди)",5,Международный университет информационных технологий,4.1,1327
Алтын Викинг,"8 февраля 2025, отредактирован",💘💘💘💘💘💘💘💘💘💘,5,Международный университет информационных технологий,4.1,1327
Yeldos Abildos,"6 февраля 2025, отредактирован",Лучший университет,5,Международный университет информационных технологий,4.1,1327
Yerzhigit Myrzabaev,19 января 2025,"Образование честно сказать скатилось, многие покинули преподавание в университете и начали набирать кого попало. Ладно бы только это, также университет не поддерживает чтобы студенты старших курсов начинали свою карьеру. Я не помню точно кто это был, но мне отказали в свободном посещений с gpa 3.48. Причина : ""его уже мы дали трем студентам, мы не раздаём сп"". Не понимал и все ещё не понимаю ведь сп это просто свободное посещение а не освобождение от всех уроков и домашки. Были несколько случаев повышения полномочий, это когда тебя просят сдать документы что ты работаешь но данный док не принимают потому что ты не хочешь устроить дочь сотрудника на ту же компанию где работаешь сам. Без негатива это чисто факты которых я описал как это прошло у меня. Как говорится көпке топырақ шашпаймын но везде есть неприятные моменты и неприятные личности! А про то что там условий никакой нет для обучения, про то что компы банальные в айти университете еле могут просто запустится говорит о многом)) А скорость вайфая на основном корпусе просто сказка.",1,Международный университет информационных технологий,4.1,1327
Абдусаттар Касымбеков,"19 января 2025, отредактирован","Шарага, компьютеры старые, включаются медленно. Большинство преподавателей не знают свой предмет от слова совсем. Оценки работают так, что ты должен к каждому преподавателю подлизываться. Не могут даже нормальное расписание организовать. Большинство кабинетов душные и воздуха в них нет, окна открыть нельзя. Знаний в универе нет, если есть то они не обновлялись с того года когда универ был основан. Ну как бы форма универа в виде унитаза, сама за себя говорит.",1,Международный университет информационных технологий,4.1,1327
Имя,"7 января 2025, отредактирован",Интерьер не очень,4,Международный университет информационных технологий,4.1,1327
Шынар Жакипова,6 января 2025,Супер приложение 💐,5,Международный университет информационных технологий,4.1,1327
Rauan 🗽,"28 декабря 2024, отредактирован",практиковали,4,Международный университет информационных технологий,4.1,1327
Jalil Dev ops,"26 декабря 2024, отредактирован","Скам, испортить бал за один вечер а исправить ошибку точно собираться не будут",1,Международный университет информационных технологий,4.1,1327
Dariga Myrzamuratova,"26 декабря 2024, отредактирован","Сдавала экзамен TOEFL. Все сотрудники, начиная с охраны, были вежливыми и внимательными. Спасибо сотрудникам тестового центра за хорошую организацию",5,Международный университет информационных технологий,4.1,1327
L A,"24 декабря 2024, отредактирован","Самый худший препод вуза - Аделеке Олуфеми Вильям.Начнем с того, что он преподавать не умеет от слова совсем, допускает чрезмерную откровенность , и нарушает личные границы. На лекциях обсуждает вульгарные темы несвязанные с предметом, и принижает наезжая если твое мнение, не совпадает с его.За 2 аттестацию как правило он всем ставит из 100 возможных баллов, 44.Оценки выставляются необоснованно.Сдав всю практику на 80-100, рубежный контроль на 90, за аттестацию получила всего 44, баллы тупо берутся из воздуха.Очень обидно, что такие баллы ставятся необоснованно , даже при посещении всех пар и лекции. Это очень сильно отбивает желание дальше учиться.За все годы обучения в вузе я встречала всяких преподавателей, но этот несомненно самый худший!

Таких некомпетентных преподавателей не стоит держать в вузе, только понижаете значимость и статус.",1,Международный университет информационных технологий,4.1,1327
Темирлан Рахимов,23 декабря 2024,Соска кыздар коп екен,5,Международный университет информационных технологий,4.1,1327
Александр Скворцов,22 декабря 2024,Самый лучший IT университет!!!,5,Международный университет информационных технологий,4.1,1327
Ильяс Рахимбаев,19 декабря 2024,"Амирхану Шонову поставьте 90+ за сессию,а так норм уник",5,Международный университет информационных технологий,4.1,1327
Askall Off,"17 декабря 2024, отредактирован",Кайсар Т Е лучший преподаватель по дискретной математике руки ему целовал🥺,5,Международный университет информационных технологий,4.1,1327
Амир,11 декабря 2024,"Когда говорю знакомым что учусь здесь, они перестают со мной общаться. Пока минусов нет.",5,Международный университет информационных технологий,4.1,1327
Markabaev Nurmukasan,7 декабря 2024,Очень очень норм,5,Международный университет информационных технологий,4.1,1327
Mila Temirali,4 декабря 2024,👍🏼 хороший университет,5,Международный университет информационных технологий,4.1,1327
Саркисов Владислав,3 декабря 2024,"Лучший универ, здесь действительно приобретаешь знания, по пути находишь друзей. Все условия для обучения в общем. МУИТ топ, никогда не забуду",5,Международный университет информационных технологий,4.1,1327
Sabina,3 декабря 2024,"Отличный университет с качественным образованием, опытными преподавателями и современным подходом к обучению. Здесь можно получить не только знания, но и поддержку для профессионального роста.",5,Международный университет информационных технологий,4.1,1327
kartavykh Artem,"6 апреля 2025, отредактирован",Беспонтовый,1,Международный инженерно-технологический университет,4.5,742
adema .,"3 апреля 2025, отредактирован",Апайлар күшті😍😍,4,Международный инженерно-технологический университет,4.5,742
А Химия,3 апреля 2025,"Жаксы апайлар коп
Бырак Кулманова А Химия оте нашар
Сойлесу манери,карым катынасы,коз карасы оте нашар
Кызым осы колледже окиды осы апайга шагымданады
Жылап келеды сессия рубешка сабак сайын
Неге десем Кулманова Аяулым меним жеке басыма тиетын зат айтты деп
Буны колга алсаныздар",3,Международный инженерно-технологический университет,4.5,742
Аружан Елшибекова,2 апреля 2025,👍🏻👍🏻👍🏻👍🏻,5,Международный инженерно-технологический университет,4.5,742
Buldirgen Murat,1 апреля 2025,Колледж өте жақсы апайлар сабақтарын жақсы өтеді 👍👍👍,5,Международный инженерно-технологический университет,4.5,742
аааар ар,14 марта 2025,"Звонила в колл центр ,чтобы уточнить один вопрос , минут 15 пыталась дозвониться ,поднимают трубку и молчат 🤦🏻‍♀️ пишу на ватсап читают и не отвечают (. Зачем тогда вообще оставлять номер на сайте , если ответить вы не в силах!",1,Международный инженерно-технологический университет,4.5,742
Alisher Satybaldy,"10 марта 2025, отредактирован","Уник нормальный учать среднем уровне нет таких занудных учителей, все современное кажется только отстроили общежитие, и совет для учеников в гранте порог 70 баллов, платники 50балл,район тихий расположен рядом ботанический сад, шум от машин нет. 4 звёзд многи из запада, из-за этого бывает драки, я сам не заметал но все таки есть драки, общежитие только для 1 курсников, из этого следует нет бывать что второгодки не мучают 1 курсников.",4,Международный инженерно-технологический университет,4.5,742
Асылжан Сериков,"8 февраля 2025, отредактирован","Сам здесь учусь все нравится
Общежитие вообще топ 👍
Всем советую",4,Международный инженерно-технологический университет,4.5,742
Мерей Досаламанова,27 января 2025,"Колл-центр ничего не знает и слов не понимает. Говоришь об одном, пишут совсем другое🤦🏻‍♀️",3,Международный инженерно-технологический университет,4.5,742
Zhandos S,"24 января 2025, отредактирован","Буфетчица прекрасная женщина, всегда улыбается, хорошо общается и щедрая как всегда, дайте ей премию!!!",5,Международный инженерно-технологический университет,4.5,742
Dias Asanov,"14 января 2025, отредактирован","Сегодня посетил универ. Атмосфера продумана со вкусам. Чисто, комфортно внутри. Команда универа очень мощная! Успехов! Кстати, это как наукаград. Лайк!",5,Международный инженерно-технологический университет,4.5,742
Женис Батырбекулы,9 января 2025,Местополежения,5,Международный инженерно-технологический университет,4.5,742
Adok .,"25 декабря 2024, отредактирован","Хороший университет, проблема лишь с очередью в офис-регистратор.",3,Международный инженерно-технологический университет,4.5,742
Саркис Гаспарян,24 декабря 2024,Колледж на высоте особенно хочу добавить от себя нравится очень как приподает урок Жулдыз Апай до строгая да требовательная но самое главное есть у этого человека Понимание очень часто идёт на встречу❤️❤️❤️,5,Международный инженерно-технологический университет,4.5,742
Аслан .,"24 декабря 2024, отредактирован","Асанова Бибіхан апайдың сабақ беру деңгейі өте жоғар, сабақты күшті түсіндіреді, менің сабаққа деген шабытымды ашқан кісі🫶🏻",5,Международный инженерно-технологический университет,4.5,742
Адина А,23 декабря 2024,лучший университет,5,Международный инженерно-технологический университет,4.5,742
Городская легенда,20 декабря 2024,"Осы кезде приемныйда отқан қыз өте молодец,жауапты,жұмыс процессін түсіне отырып студенттермен оқу процессі бойынша жақсы жұмыс жүргізеді екен. Есімі қателеспесем Арайлым немесе Арай. Оқу жылы басында 61 кабинетте болған еді. Академиялық департамент кабинетінде, сол кезде де сабақтарымыз бойынша ойын айтып көмек берген еді. Дымда ашусыз, артық эмоциясыз келген қаншама студентке жауап беріп, проблемамызды шешуге үлесін қосты шынында. Меніңше оқу процессіне студенттермен тікелей осындай сұрақтар туындағанда жүгінетін маман. Оқу процессі бойынша 61 кабинетке барыңыз деп барлығы жіберген кезде үнемі қандай сұрақ бойынша келдіңіз деп анықтап сұрап алып, бағыттайтын, көмек сұрасақ уақыт тапшы болсада айтып беретін, тап бүгін де апайдың көмегі тиді, үлкеен алғыс айтамыз группа болып. (Кураторымыз да осы апайды айтады бізге. Апайды қайта 61 кабинетте күтеміз, келсе екен деп)",5,Международный инженерно-технологический университет,4.5,742
Alau,19 декабря 2024,"Никто не предупреждал что оплата 4 курса 100% должен быть до сессии, теперь все стоим перед бухгалтерии?! Сказали пересдача или вообще недопуск, почему мы должны терять время и ждать бухгалтерию? Работали б они нормально и быстрее не ждали б тут час или два
Ужас просто",1,Международный инженерно-технологический университет,4.5,742
Lllll Kkkkk,18 декабря 2024,"Работники в офис регистрации (33 кабинет) очень грубые , толком ничего не могут объяснить и еле разговаривают вечно недовольные . Только и могут выставлять за дверь и кричать!",1,Международный инженерно-технологический университет,4.5,742
Ирина Скоробогатова,"18 декабря 2024, отредактирован","Мне очень понравилось как девушка по имени Адема работает что то при деканате или ректорате, короче профессионал она, помогла мне разобраться с ошибкой связанной с моим зачислением. Хороший университет",5,Международный инженерно-технологический университет,4.5,742
Alex,"11 декабря 2024, отредактирован",Такое себе,2,Международный инженерно-технологический университет,4.5,742
Eldar Harden,10 декабря 2024,"Обучение на хорошем уровне, все отлично. Соглашусь с отзывами других, люди правы не хватает воспитания, уважение к старшим.
Группа ИТвЭЭ красавцы.",4,Международный инженерно-технологический университет,4.5,742
Zhulduz Dildebayeva,"6 декабря 2024, отредактирован",Там все отлично. Соответствует всем требованиям вуз,5,Международный инженерно-технологический университет,4.5,742
Cra 2y,6 декабря 2024,"Хотел бы дополнить отзыв ниже и подчеркнуть то, что учителя зачастую переходят границы, пугают летниками, не думаю что это правильно.",3,Международный инженерно-технологический университет,4.5,742
хххх хххх,4 декабря 2024,"техничка ляззат ужасно обращается со студентами, всегда орёт как резаная, вечно хамит всем, будто ради нас работает, что в общаге, что в универе, вечно чем-то недовольная. решите проблему и успокойте её.",1,Международный инженерно-технологический университет,4.5,742
rakhim abdurakhimov,4 декабря 2024,Аянмен Бека окид жаксы дидыго былай былай,5,Международный инженерно-технологический университет,4.5,742
Fazila Utegalieva,"27 ноября 2024, отредактирован","Я работаю в этом университе 10 лет, есть с чем сравнивать. Университет развивается очень динамично. Совешенствуется материальная база, аудитории снабжены современными интерпктивными досками, все преподаватели имеют на оаботе ПК. Конечно, есть недостатки, как в люблм развивающемся организме. Нужнл работать над их исправлениями. Студентам нужно работать над этикой и эстетикой поведения! Нужно стать патоиотами своей Альма- матер. Замечания, которые делают жители окружающих домов в целом справедливы ; но я хотела бы возразить им в том, что наши студенты невоспитанны. Разве только студенты этого универа имеют привычки оставлять мусор в ненадлежащих местах? А остадьное население наших городов? Эта , к сожалению, общенациональная проблема. Взрослые, будьте сдержаннее в эмоциях, когда даете оценку поведния молодежи: это наша , взрослых, “ заслуга”!",5,Международный инженерно-технологический университет,4.5,742
Бауыржан Избасар,"26 ноября 2024, отредактирован",Керемет унвер,5,Международный инженерно-технологический университет,4.5,742
Bekarys Sharabadinov,26 ноября 2024,Хороший университет,5,Международный инженерно-технологический университет,4.5,742
Aksultan Toleubay,"26 ноября 2024, отредактирован",Университет 👍,5,Международный инженерно-технологический университет,4.5,742
Qeqe Yeye,18 ноября 2024,"Первым делом хочется выделить местоположение университета запутанная лабиринт,ели можно найти.
Второе это некоторые преподаватели не соблюдают субардинацию переходят на личность студента унижая перед всеми даже если ты прям сильно стараешься,учишься то тебя все равно занижают
Вывод:университет хороший с хорошим будущем но есть свои недостатки",1,Международный инженерно-технологический университет,4.5,742
Didi Ds,"13 ноября 2024, отредактирован","Из за студентов в нашем районе свалка! Студенты курят, употребляют алкоголь, оставляют мусор! На замечания никак не реагируют! Администрация не принимает никаких мер!!!",1,Международный инженерно-технологический университет,4.5,742
Oleg Gupalo,"11 ноября 2024, отредактирован",Мне нравится обучаться тут,5,Международный инженерно-технологический университет,4.5,742
Айару .,"11 ноября 2024, отредактирован",Эльба апай жаксы беред сабакта честная отырык жазбаймыз‼️,5,Международный инженерно-технологический университет,4.5,742
Ашим Надира,30 октября 2024,Преподаватель дар студенттермен субординация сактамайды. Студенттер жекесыне отып тиысты багасын коймайды. Студенттерге ескертпей платный ауыстыра салады. Рубежа уакытында дайындап жазып келгендерын карамайдыда. Адамнын турыне карап бал кояды. Университетте бари билгендерин истит. Жумыс истегендеры мындет барине. Ешким осы проблеманы шешпиды,1,Международный инженерно-технологический университет,4.5,742
Aa Aa,"27 октября 2024, отредактирован","Преподавательский состав деген ужас рубежка аптасында уақытылы сабақ кезінде рубежка алудың орнына жарты апай четверг субботаға дейін қабылдаймын сол кезде келесіңдер деп айтады сонда біз есіміз ауып 1 күнде 3 пән тапсырады екенбіз еще оның бәрін бір уақытка или жарты сағатқа дегенде шегеріп қояды каждый считает что его предмет единственный важный и им ввсе равно что в это время тебе нужно сдавать другой предмет доказательством является то что я не смогла сдать определенный предмет из за того что нас вызвали на другой хотя в этот день у нас нету этого предмета в расписании
Еще одна проблема что с чуваками не так которые сидят в серверной почему они не знают свои обязанности у меня в ноуте на минуту который дал мне сам универ не открывал ворд когда сходила к ним они сказали что они этим не занимаются учитывая то что я после этого позвонила в колл центр и они ответили что серверная должна этим заниматся Ало ребят вы зачем тогда в серверной сидите освободите место помню что в тот раз был другой парень к которму я обратилась и он без проблем мне все сделал",1,Международный инженерно-технологический университет,4.5,742
Aigera Zhumanova,21 октября 2024,Универде мұғалімдердің сабақ беру деңгейі өте жоғары🔥 оқып жүрген студенттер өте жақсы біледі! МИТУ ға түскенімізге өкінбейміз😊,5,Международный инженерно-технологический университет,4.5,742
Бекнур Бактыбек,"17 октября 2024, отредактирован",фигня уник,1,Международный инженерно-технологический университет,4.5,742
Zhambyl Kulshashar,"10 октября 2024, отредактирован","Самый топ универ,все классно,дает бесплатно ноутбук",5,Международный инженерно-технологический университет,4.5,742
Adilbai Kidirbaev,2 октября 2024,In the best university ❤,5,Международный инженерно-технологический университет,4.5,742
DI,1 октября 2024,"Хотели пожаловаться на бухгалтерию,всегда заходим даже если они в рабочем режиме все пьют чай,делают что хотят.Даже если не время обеда.
Студентов не принимают услуга ужасная.Вроде есть девушка по имени Диана вообще ужасно относится к студентам.Поставлю -1 звезду",1,Международный инженерно-технологический университет,4.5,742
Марина Нефёдова,"20 сентября 2024, отредактирован",Корректный преподавательский состав.Вспитанные студенты.,5,Международный инженерно-технологический университет,4.5,742
Niya Dulatova,"19 сентября 2024, отредактирован","Вробе норм сияқты,но точно блмим",4,Международный инженерно-технологический университет,4.5,742
Zhanna Gabbassova,18 сентября 2024,"Прекрасная атмосфера внутри вуза! вуз постоянно развивается, администрация делает все, чтобы студентам и училось и жилось в общежитиях комфортно - ставлю высшую отметку! Удачи и успехов!",5,Международный инженерно-технологический университет,4.5,742
Темирлан Байхут,"17 сентября 2024, отредактирован",Мой любимый университет самый лучший,5,Международный инженерно-технологический университет,4.5,742
Bagila Agaidar,16 сентября 2024,"Қайырлы күн! Университет басшылығы назарына алса екен деймін! Оқу жылы басталғалы бері Магнат азық-түлік дүкені маңында сіздің оқу орнының білім алушылары дүкеннен түскі ас ішіп жүреді. Сол маңда тұратын тұрғын ретінде жиі байқайтын бір жағымсыз істіғ куәсі болдым. Студенттер жерге түкіреді. Жеген тамақтың сыртын, сусынның құтысын лақтырып кете салады. Күнде таңертең сол жерді әкелеріндей кісі жинайды. Ең жаманы студенттердің түкірігін басып жүргеніміз! Осы шаруаны қолға алсаңыздар! Егер олай болмаса, сурет/видеоға түсіріп тиісті жерге арыздануға толық құқығым бар екенін ескертемін. Тәрбие жұмыстарын жүргізіп, қоғамдық орында түкіруге болмайтынын қатаң ескертіңіздер, жазалау шарасын қолданыңыздар. Оған дәлел камералардан қарасаңыздар да табасыздар.",1,Международный инженерно-технологический университет,4.5,742
Баянсұлу Тоқсанбаева,"10 сентября 2024, отредактирован","Колледжде Қараней Данагүл апай өте жақсы куратор. Бізді түсіне алатын, түсіністікпен қарайтын апай. Өзінің кураторлық қызметін жетік орындайды. Ең күшті куратор",4,Международный инженерно-технологический университет,4.5,742
Кошалиева Шынар,3 сентября 2024,"Жатақханаға орналастыру мамандары ӨТЕ НАШАР, жауапкершілік деген жоқ, айтқан сөздерін мойындамайды, өтініш қалдырдық, студент барса сенің өтінішің жоқ дейді. Ол деген құжаттарға да өте ЖАУАПСЫЗ қарайды дегенді білдіреді.

Жастар саясаты департаментінің басшысы Ақнұр Талғатбековна жауапсыздық танытқансын, балық басынан шіриді деген сөз еріксіз еске түседі екен.

Өтініш жазыңыз, қалған документтерді электронды жіберсеңіз болады деді. Кеше барса өтінішің жоқ дейді.Көпбалалы отбасы, жұмысбасты ата-анасы қайта қайта келе бере алмайды.

Түркістан облысы, Шардара ауданының студентті келе берсін деп шақырып алды.

Осындай жауапсыздықтың арқасында 1 курс студенті далада қалу не масқара.",1,Международный инженерно-технологический университет,4.5,742
Timur Babakulov,2 сентября 2024,"Худший университет, только и могу что зазывать абитуриентов с грантом от 50 баллов, должен был отчислишься с университета, футболят в течений 4 часов, не смог найти коменданта общежития, не получил подписи должен видимо еще пару дней ездить, не советую этот университет к поступления",1,Международный инженерно-технологический университет,4.5,742
Ернур Ермек,28 августа 2024,👍🏻👍🏻👍🏻👍🏻👍🏻👍🏻👍🏻👍🏻👍🏻👍🏻,5,Международный инженерно-технологический университет,4.5,742
Сунят,"9 апреля 2025, отредактирован",.,3,Казахстанско-Российский Медицинский университет,4.5,1124
Ramazan Bolat,"8 апреля 2025, отредактирован","Столовка в дизайне стала лучше, а в качестве еды и цен просела",3,Казахстанско-Российский Медицинский университет,4.5,1124
sayatt .,8 апреля 2025,"овсяная каша и блинчик с творогом зачет, над рисовой кашей нужно чутька поработать",4,Казахстанско-Российский Медицинский университет,4.5,1124
Rajneesh Tiwari,5 апреля 2025,It's great to be a part of this university . Teachers are very supportive and experienced . They always helping and supporting nature🏥.,5,Казахстанско-Российский Медицинский университет,4.5,1124
El Doos,3 апреля 2025,Крму практика жағынан мықты💕,5,Казахстанско-Российский Медицинский университет,4.5,1124
Fill Mary,2 апреля 2025,"Хочу выразить искреннюю благодарность и глубокое уважение к заместителю декана Сыздыковой Азизе Биржановне. Это не просто человек, занимающий ответственную должность, а настоящий профессионал своего дела, обладающий удивительным сочетанием мудрости, справедливости и человечности.
Она всегда открыта для каждого студента – будь то вопрос по учебе, сложная ситуация или даже просто совет, необходимый в жизни.

Она умеет выслушать и найти подход к каждому. Её справедливость, честность и открытость создают атмосферу доверия, которая так важна в студенческом сообществе.

Очень благодарна за Вашу доброжелательность, мудрость и поддержку.

Спасибо за ваш труд, внимание и заботу!
Вы лучшая ❤️",5,Казахстанско-Российский Медицинский университет,4.5,1124
Ayazhan Asan,"1 апреля 2025, отредактирован","Фармакология кафедрасы Нургалиева Жансулу апайға алғысымыз шексіз!Өте білімді оқытушы,сіздің бізге беріп жатқан біліміңізге рахмет♥️1 жылда сіздің арқаныңызда көп нәрсе үйрендік.Рахмет сізге,бізде сіздей оқытушылардың барына қуанамыз🥹🫶🏻",5,Казахстанско-Российский Медицинский университет,4.5,1124
Alexey Smirnov,"29 марта 2025, отредактирован",хорошие учителя,5,Казахстанско-Российский Медицинский университет,4.5,1124
Alima Ali,20 марта 2025,"Здравствуйте! Благодарю студентов университета за угощения, которые они раздают на светофоре для постящихся! Пусть Аллах вознаградит всеми благами за вашу доброту!",5,Казахстанско-Российский Медицинский университет,4.5,1124
Zakon V Zakone,"19 марта 2025, отредактирован","Это не университет , а шарага . Один хуже другого, что в деканате , что в универе . В деканате по факту все рассказал, сделали так что я не прав . Учителя есть достойные , есть гнилые , которым давно надо в отставку . Мне жаль денег которые плотят мои родители, этим @слам чтобы они с нами так общались , и ни к чему не научили. Декан вообще существует в этом универе? Нет бы провести какие-то работы с учениками, хотя бы в два месяца раз поинтересуйтесь кого что беспокоит кто чем не доволен. И касательно туалетных бумаг , год заканчивается а я еще не разу не видел их . Учителя блокируют студентов по вацапу чтобы они не надоели им. Просто отстой 0! И на счет зам Декан подумайте, пусть пройдет экзамен по своей специальности, прежде чем там сидеть , и выгонять словами( я ничем не могу помочь) Корупционеры , и не пишите мне тут ФИО , свои данные , и группу , толку ? Вас б@ранов уже ничего не исправит . Накипело уже все , достали!",5,Казахстанско-Российский Медицинский университет,4.5,1124
Shumakher Eshe-Tot-Ya,18 марта 2025,"Не поступайте сюда , просто с вами будут обращаться как со стенкой . Особенно в деканате. Свинарник чистый ! За эти деньги лучше куда нибудь в другой универ. Это моя самая большая ошибка , то что я сюда поступил. Хотя учусь на 4-5. Декана еще не разу не видел , кроме одного раза и то на линейке . Им по барабану какие у вас проблемы в универе, и тд. Так что подумайте хорошенько , стоит ли оно этого .",1,Казахстанско-Российский Медицинский университет,4.5,1124
Apple User,17 марта 2025,"Самая позорная медицинская шарага. Вопросы в тест центрах ставят не по теме и процентов 50 из них мы не проходили на самих занятиях. Всегда ходишь в неведении до последнего момента. Все расписания и все новости приходят в самый последний момент. Могут поставить расписание, где ты 10 часов находишься в универе и в этот же день сдаешь тест. На жалобы студентов они чхать хотели и вместо того чтобы решать проблемы, просто запугивают студентов и запрещают писать негативные отзывы. Да и по теме отзывов хочу сказать, что в КРМУ Фэмили участники этой секты удаляют негативные отзывы и пишут хорошие.
Многие преподы неадекватные и ставят оценки не по знаниям, а по тому, как ты умеешь подлизываться и на сколько ты им понравился. Я еще промолчу как в тест центре на тебя орут и заставляют завершать тест через 20 минут после его начала (видите ли, проверяющие устали). Так еще тебя лапают там же на наличие телефона или микронаушника.
На самом деле очень жалею, что поступил сюда, а не в любой другой универ.",1,Казахстанско-Российский Медицинский университет,4.5,1124
aigerim turasheva,11 марта 2025,417 Б не уважает женщин я была на приеме у Талеген Достонджон Серикханулы послал меня куда подальше минус аура минус вайб минус лайки катынымды алып кетти,5,Казахстанско-Российский Медицинский университет,4.5,1124
ainara s,7 марта 2025,"элпешка тут учится, поэтому оценка пять звезд, не обижайте её 🤪",5,Казахстанско-Российский Медицинский университет,4.5,1124
Asel S,"28 февраля 2025, отредактирован",Здесь учителя хорошие но чего то не хватает!,4,Казахстанско-Российский Медицинский университет,4.5,1124
Жанел Мухан,"27 февраля 2025, отредактирован",Примити меры касательно гардероба.Там бардак и каждый раз проблемы!!!,2,Казахстанско-Российский Медицинский университет,4.5,1124
Ильяс Шагбанов,"26 февраля 2025, отредактирован","Моя девушка тут учится , чисто сол ушин 5 звезд , универдын сәнімен көркіғо",5,Казахстанско-Российский Медицинский университет,4.5,1124
Санжар Рысбек,"21 февраля 2025, отредактирован","Салеметсіздерме!
Университет кіре берген жерде күзетшілерге салем берсек жауап бермейді және қазақша сұрасан орысша жауап береді, бір ағай қазақша мүлдем түсінбейді. Ескерудеріңізді сұраймын 🥰🥰!!",3,Казахстанско-Российский Медицинский университет,4.5,1124
Диана Балтабаева,17 февраля 2025,"Люблю этот университет, но почему гардеробщицы злые??! Уборщицы тоже злые! Решите эту проблему пожалуйста.",4,Казахстанско-Российский Медицинский университет,4.5,1124
N A,"12 февраля 2025, отредактирован",Мугалимдери оте керемет билим береди,5,Казахстанско-Российский Медицинский университет,4.5,1124
Рамиль Изимов,12 февраля 2025,Отлично супер,5,Казахстанско-Российский Медицинский университет,4.5,1124
Акжуныс Бакытжан,10 февраля 2025,🫶🏻🫶🏻🫶🏻🫶🏻🫶🏻🫶🏻🫶🏻🫶🏻🫶🏻🫶🏻,5,Казахстанско-Российский Медицинский университет,4.5,1124
Bibarys 🌊,4 февраля 2025,"Студенттік өмірі расымен бар, артық қинамайды график шүкір басқа мед универлерінен қарағанда",5,Казахстанско-Российский Медицинский университет,4.5,1124
Rami Sataeva,"28 января 2025, отредактирован","Поменяйте гардеробщиц, безответственные, невнимательные, злые, медленные, целый день теряли куртки искали по минут 40! В очередях стоим также, приходим пораньше на пары, все равно опаздываем) Это ужасно, администрация примите меры, срочно!",3,Казахстанско-Российский Медицинский университет,4.5,1124
Фари Фари,"28 января 2025, отредактирован","Айман апай,Нариман ағай, Асылзат апай, Сымбат апай топппппп🔥🔥🔥🔥Ең керемет,өте білімді ұстаздар😘",5,Казахстанско-Российский Медицинский университет,4.5,1124
Amna Ismail,"16 января 2025, отредактирован",Yes I hate it,1,Казахстанско-Российский Медицинский университет,4.5,1124
Луиза Сарсенова,"9 января 2025, отредактирован","Офтальмология кафедрасының оқытушыларына көөп рахмет!!! Имадиева Айшолпан Мұхтарқызы, Кенжебек Бауыржан Бақытжанович сынды білікті мамандардың арқасында сапалы білім мен мол тәжірибеге ие болдық🤩🫶🏻",5,Казахстанско-Российский Медицинский университет,4.5,1124
Азамат Ермекбай,9 января 2025,Офтальмология кафедрасы Имадиева Айшолпан Мұхтарқызы сізге үлкенн рахмет 🤍 Өзіңіздегі бар білімді тәжірибеңізбен бөлісе отырып бізге офтальмологияның негізін үйретіп қызығушылығымызды арттырғаныңыз үшін алғысымыз шексіз 🫰,5,Казахстанско-Российский Медицинский университет,4.5,1124
ILINUR 🌀,31 декабря 2024,Фармакологиядан беретін Гүлсәуле апай и Нурлан агай по хирургии самые лучшие преподаватели. Умеют оценивать честно и самое главное не подавляют мотивацию учиться дальше. Респект вам и большое спасибо!!!,5,Казахстанско-Российский Медицинский университет,4.5,1124
Сая Бижаксынова,"28 декабря 2024, отредактирован",Проблема с парковкой,1,Казахстанско-Российский Медицинский университет,4.5,1124
аяу сиаевна,24 декабря 2024,Здравствуйте студенты КРМУ. Я в 10 классе и хочу стать нейрохирургом (или же невропатологом). Стоит ли идти в этот универ? Есть ли русское отделение? Напишите в инст @f4buleux,5,Казахстанско-Российский Медицинский университет,4.5,1124
akzhunis 💘,22 декабря 2024,гисто нариман агай 😍🔥,5,Казахстанско-Российский Медицинский университет,4.5,1124
Nurik tik,17 декабря 2024,Университет мечты,5,Казахстанско-Российский Медицинский университет,4.5,1124
Artyom Abramov,"14 декабря 2024, отредактирован",Alma Mater,5,Казахстанско-Российский Медицинский университет,4.5,1124
Мадина Нурмуханбетова,2 декабря 2024,"Хочу выразить огромную благодарность Нурлану Дуйсенову за его невероятный профессионализм, терпение и преданность своему делу. Его подход к обучению сочетает в себе строгость и поддержку, что создает идеальные условия для развития студентов.

Каждая лекция или практическое занятие с ним — это не просто изучение материала, а глубокое погружение в суть хирургии. Он умело объясняет сложные темы, используя понятные примеры и всегда готов разъяснить моменты, которые вызывают вопросы.

Отдельно хочется отметить его человеческие качества. Нурлан Дуйсенов не просто учит нас быть хирургами, но и воспитывает в нас чувство ответственности и уважения к пациентам. Его поддержка и мотивация вдохновляют работать над собой и стремиться к лучшему.

С таким преподавателем действительно хочется учиться, расти и становиться профессионалом в своей области. Спасибо за всё, что вы делаете для своих студентов!",5,Казахстанско-Российский Медицинский университет,4.5,1124
jitendra chaneja,"2 декабря 2024, отредактирован",Please never take admission in this college they will irritate you to do take photos send photos to dean and pick video call likes that irritate to teacher also and for students also,1,Казахстанско-Российский Медицинский университет,4.5,1124
Arailym Abdillaeva,30 ноября 2024,Өте керемет😍,5,Казахстанско-Российский Медицинский университет,4.5,1124
Базаргуль,"30 ноября 2024, отредактирован","Здесь преподают самые добросовестные,образованные,опытные преподаватели!!!",5,Казахстанско-Российский Медицинский университет,4.5,1124
Era r?,"28 ноября 2024, отредактирован",Лучшый университет,5,Казахстанско-Российский Медицинский университет,4.5,1124
Gulzhan ✨🌙,"27 ноября 2024, отредактирован",Это просто потрясающий универ который очень хочу поступить 😍😍😍,5,Казахстанско-Российский Медицинский университет,4.5,1124
Valeriya Vlasova,"26 ноября 2024, отредактирован",поступлю!❤️,5,Казахстанско-Российский Медицинский университет,4.5,1124
📌 haz1ev,"25 ноября 2024, отредактирован","четко все,жаль лифт не доступен",5,Казахстанско-Российский Медицинский университет,4.5,1124
Аделия Уразалиева,23 ноября 2024,"Очень хороший университет, хотела бы чтобы доча поступила именно в этот университет",5,Казахстанско-Российский Медицинский университет,4.5,1124
S V🤌,"21 ноября 2024, отредактирован",Лучший медицинский университет,5,Казахстанско-Российский Медицинский университет,4.5,1124
Darin Aitmukhambet,19 ноября 2024,Там учится моя сестра. Кайф,5,Казахстанско-Российский Медицинский университет,4.5,1124
🤘 💔,17 ноября 2024,Большой и красивый университет. Понравился кабинет анатомии,5,Казахстанско-Российский Медицинский университет,4.5,1124
Kaisar Yertay,15 ноября 2024,"Слишком долго работает гардероб, и на лестницах вечно пробки из людей!",3,Казахстанско-Российский Медицинский университет,4.5,1124
Ясмина Имашова,"14 ноября 2024, отредактирован",Казына апай микробиология кафедрасы😍😍😍😍Отеее куштыыы апааай 😍😍😍Красоткаааа😍😍,5,Казахстанско-Российский Медицинский университет,4.5,1124
Shirinkhan Tagai,14 ноября 2024,"Сайлаубек Қазына Хамзатқызы, Микробиология Иммунология кафедрасының завучі өте керемет апай 🔥🔥🔥 сабақты өте керем және қызықты өтеді 🔥😍",5,Казахстанско-Российский Медицинский университет,4.5,1124
Ақжүніс Оразова,14 ноября 2024,"Микробиология кафедрасындағы Қазына апай лучшая🫶🏻🫶🏻
Сабаққа деген желаниені ашып жібереді❤️",5,Казахстанско-Российский Медицинский университет,4.5,1124
Aidana Makhambet,"сегодня, отредактирован","Менің рухымның Отаны, махаббатымның мекені🥰",5,Казахский национальный университет им. аль-Фараби,4.5,5833
Aika Tanabaeva,сегодня,Все отлично работает,5,Казахский национальный университет им. аль-Фараби,4.5,5833
Гульназ Абдуллаева,"15 апреля 2025, отредактирован",Я тест сдала🥰,5,Казахский национальный университет им. аль-Фараби,4.5,5833
Aiaru Kairatkyzy,15 апреля 2025,тамаша,5,Казахский национальный университет им. аль-Фараби,4.5,5833
Frank Sgnidniw,14 апреля 2025,"Пока я там шел ногу сломал, в палатке переночевал, с волками дрался, капец прям",5,Казахский национальный университет им. аль-Фараби,4.5,5833
aidarkylovaa’s1 b,11 апреля 2025,"С детства я мечтала поступить в этот университет, ведь здесь учился мой отец — умный, образованный человек, которым я всегда гордилась.
Он был для меня примером, и я хотела пойти по его стопам.
Этот университет всегда выделялся своим высоким уровнем образования, сильной академической базой и особой атмосферой.
Здесь воспитываются настоящие профессионалы, развиваются научные идеи, и каждому даётся возможность раскрыть свой потенциал.
Здесь уважают стремление к знаниям, поддерживают инициативу и вдохновляют на рост.
И хотя со временем мои мечты полностью изменились но душа всё равно тянется именно сюда.
Я всегда буду обожать этот университет, ведь он занимает особое место в сердце
❤️
Если вы хотите поступить в этот университет — не сомневайтесь. Идите к своей цели, даже если будет трудно. Не слушайте тех, кто не верит в вас. Главное — верьте в себя
Всё возможно!
Осуществляйте свои мечты, верьте в себя!❤️",5,Казахский национальный университет им. аль-Фараби,4.5,5833
Arailym Batyrbai,"11 апреля 2025, отредактирован",Лучший универ в кз,5,Казахский национальный университет им. аль-Фараби,4.5,5833
Қанат Дуйсенбаев,11 апреля 2025,Педагог аттестация қай жерде өтеді,5,Казахский национальный университет им. аль-Фараби,4.5,5833
Adilet Ramazan,10 апреля 2025,💼,4,Казахский национальный университет им. аль-Фараби,4.5,5833
Саят Толеуханов,8 апреля 2025,Супер,5,Казахский национальный университет им. аль-Фараби,4.5,5833
Диас Канабеков,"7 апреля 2025, отредактирован","Жаным, Казгу! Кезінде арман болып еді, арман орындалып, аман-есен бітіріп шықтық. Жастық шақ, керемет жайма шуақ күндер, қызу дайындық, керемет мұғалімдер, керемет жерде орналасуы, көркем табиғатқа көрініс...❤",5,Казахский национальный университет им. аль-Фараби,4.5,5833
Алихан ㅤㅤ,7 апреля 2025,Нет питьевого фонтанчика,1,Казахский национальный университет им. аль-Фараби,4.5,5833
Gulnur Kamalova,"7 апреля 2025, отредактирован",Самый известный университет Алматы и Казахстана! Приезжала сдавать ОЗП тестирование- внешний вид университетского городка просто супер! Все здесь для комфортного обучения для студентов!,5,Казахский национальный университет им. аль-Фараби,4.5,5833
Aikosh,"4 апреля 2025, отредактирован",Зор,5,Казахский национальный университет им. аль-Фараби,4.5,5833
aray o,4 апреля 2025,"ент тапсыруга баргам
уборнаясы болеккой😍",1,Казахский национальный университет им. аль-Фараби,4.5,5833
ezhик 🦔,3 апреля 2025,алдында 1-2 бала голый жүргіріп жүр еді ғой,1,Казахский национальный университет им. аль-Фараби,4.5,5833
Гулбану Руслановна,"3 апреля 2025, отредактирован",😍,5,Казахский национальный университет им. аль-Фараби,4.5,5833
?????? ???????,"2 апреля 2025, отредактирован",Мой любимый КазНУ❤️ в самое сердце.,5,Казахский национальный университет им. аль-Фараби,4.5,5833
Ислам Мұхамет,2 апреля 2025,Достар быреудын пропускын тауып алдым кай дерге акеп тастасам болады,5,Казахский национальный университет им. аль-Фараби,4.5,5833
Shadd S,"1 апреля 2025, отредактирован",Клево тут,5,Казахский национальный университет им. аль-Фараби,4.5,5833
Диас Алимакын,"31 марта 2025, отредактирован",ҰТО Құдай жазаңды берсін🤬🤬,1,Казахский национальный университет им. аль-Фараби,4.5,5833
Оркен .,31 марта 2025,возьмите на учебу за 5 звезд,5,Казахский национальный университет им. аль-Фараби,4.5,5833
Жансая Бексултанова,"31 марта 2025, отредактирован",Ең керемет университет !,5,Казахский национальный университет им. аль-Фараби,4.5,5833
askvzss 4,"30 марта 2025, отредактирован",Индустар оте коп 🥲🥲,5,Казахский национальный университет им. аль-Фараби,4.5,5833
d denissa,28 марта 2025,жесткая травма из за ент,3,Казахский национальный университет им. аль-Фараби,4.5,5833
Moor Moor,"28 марта 2025, отредактирован","Реально оқығысы келетін жастар КазНУға түспеңдер!80% преподтар білімсіз,слайд пен реферат өткізсең болды главное олар үшін,қалағаны маңызды емес.Квалифицированный преподттар өте аз!За деньги и за красивые глазки любой баллыңды қойып беред 👍🏻 Оқымаймын чисто 4 жылымды құртқым келеді десең түс , а так Нархоз,UIB,KBTU,KazGasa соларға түсіңдер болашақ керек болса.Спецқа қарай көресіңдер гой өздерің.КазНУ шарага полный.Гүлжанат Амангельдиевана ең нашар препод💆🏻‍♀️",1,Казахский национальный университет им. аль-Фараби,4.5,5833
Нурали Махан,27 марта 2025,Круто красиво,5,Казахский национальный университет им. аль-Фараби,4.5,5833
Kurmet Zhomart,26 марта 2025,Болашақ универім ғо,5,Казахский национальный университет им. аль-Фараби,4.5,5833
Анель Енсебаева,"25 марта 2025, отредактирован","Один из вузов Казахстана, который оставил свой след в жизни каждого ученого юриста)))) удачи Казну!!!!",5,Казахский национальный университет им. аль-Фараби,4.5,5833
Ilshat Zhamal,25 марта 2025,Ент тапсыратын жер малғылып қадады,1,Казахский национальный университет им. аль-Фараби,4.5,5833
Elena A,"25 марта 2025, отредактирован","Окончила здесь магистратуру по гранту, очень рада.",5,Казахский национальный университет им. аль-Фараби,4.5,5833
Ерасыл Ораз,"24 марта 2025, отредактирован",Немепале ұзыыыыыыыыын ғо КазГаса лучше,1,Казахский национальный университет им. аль-Фараби,4.5,5833
Шакизад Рахменшеев,"23 марта 2025, отредактирован",Я там учусь,5,Казахский национальный университет им. аль-Фараби,4.5,5833
Tima Virodus,"22 марта 2025, отредактирован","Первая ошибка, ошибка всей жизни",5,Казахский национальный университет им. аль-Фараби,4.5,5833
Мади Кумисбай,"22 марта 2025, отредактирован",Онша емес ооооооооооооооооооггг,1,Казахский национальный университет им. аль-Фараби,4.5,5833
Amina Adilovа,"20 марта 2025, отредактирован",конкурстан отпей калдым👎🏼👎🏼,1,Казахский национальный университет им. аль-Фараби,4.5,5833
DiBi Profile,"20 марта 2025, отредактирован",Аз балл алдым убтдан,1,Казахский национальный университет им. аль-Фараби,4.5,5833
Жасулан Нурадил,"20 марта 2025, отредактирован",Вайб студ городка,5,Казахский национальный университет им. аль-Фараби,4.5,5833
Alisher Seitkerim,20 марта 2025,Ент плохо сдал,1,Казахский национальный университет им. аль-Фараби,4.5,5833
foxnr,"20 марта 2025, отредактирован",Охраналары д*лбаебтаума ишине киргизбей койды еще именно менин таксиимди общагка дейин жаяу бардым бирак юаскаларын киргизип,1,Казахский национальный университет им. аль-Фараби,4.5,5833
Аяу🐸 🐸,"19 марта 2025, отредактирован","Базар жоқ күшті,бірақ ашшш тест тапсыруға баратын жер алыссс кой😿",4,Казахский национальный университет им. аль-Фараби,4.5,5833
Damir Легавый,"18 марта 2025, отредактирован",шарага,5,Казахский национальный университет им. аль-Фараби,4.5,5833
AbduGhani Dzhamburbaev,"18 марта 2025, отредактирован","Учусь здесь, снаружи очень красивый и перспективный уник, но вот внутри не проработано, плюсом эта коррупционная система это ужас просто",3,Казахский национальный университет им. аль-Фараби,4.5,5833
Инкар Бектурсын,18 марта 2025,"Ужасные операторы әрең жауап береді ещё осы бойыншы сурагым бар десем ошіріп тастайды 2-3 солай істеді ,казір оператормен байланыстырам деп ошіріп тастады что за беспредел🙂‍↕️",1,Казахский национальный университет им. аль-Фараби,4.5,5833
Yedige mclovin,"17 марта 2025, отредактирован",hueта 😘,1,Казахский национальный университет им. аль-Фараби,4.5,5833
Нурда Нурда,"16 марта 2025, отредактирован",Good,1,Казахский национальный университет им. аль-Фараби,4.5,5833
Nurhuha1 🚨,"14 марта 2025, отредактирован",Ент аз алып калдым,1,Казахский национальный университет им. аль-Фараби,4.5,5833
meiir ⠀,"14 марта 2025, отредактирован",самый лучший ищ лучших🔥,5,Казахский национальный университет им. аль-Фараби,4.5,5833
Лиза 😻,13 марта 2025,"Сдавала там ЕНТ. Университет просто ужас, туалеты ужасно грязные, двери в них не закрывается, воняет нереально. Да и пока пыталась сосредотачиваться на заданиях, рядом со мной за какой-то ширмой то чайник кипел, то микроволновка пикала, то еще что-то.",1,Казахский национальный университет им. аль-Фараби,4.5,5833
Жаниель Адилхан,13 марта 2025,Университет очень даже хороши,4,Казахский национальный университет им. аль-Фараби,4.5,5833
Мырза Алматинский,сегодня,"Поступил на магистранта в 23г,защитился в 25г! Шарашкина контора! Я понимаю за всех компания оплачивает, я сам решил, для галочки. Знания дали из 5 баллов 2,за все предметы, онлайн было, а на защите капец, как будто я учился у них, вопросов куча... Тем более не по специальности сдавал... Обидно, ладно я, нефтяник и по своей теме сдавал, я бы промолчал, пипец в общем... Надо же знать, что за студент, кем работает , в какой сфере, потом уже выводы делать! Растянули жесть, я уже думал прекратить это всё и пусть деньги вернут... Я сам оплачивал, не малые 3,7млн...не советую...",1,Казахстанско-Британский технический университет,4.7,3537
bunn9g1rl .,15 апреля 2025,эляны стептан кулатты пиdaрасы,1,Казахстанско-Британский технический университет,4.7,3537
ライトニング .,"13 апреля 2025, отредактирован",Хогвартс Легаси,5,Казахстанско-Британский технический университет,4.7,3537
aruzhan ),13 апреля 2025,былмим Жасик окиды гой жаксы дит🤣,5,Казахстанско-Британский технический университет,4.7,3537
Диас Асат,11 апреля 2025,Норм уник,4,Казахстанско-Британский технический университет,4.7,3537
Beibit Malikaidar,"11 апреля 2025, отредактирован",тегін грант берші по-братски🥺🥺,5,Казахстанско-Британский технический университет,4.7,3537
Макеба .,9 апреля 2025,"Хотел там учится,пришел,отчушпанил и изнасиловал какой то раке( самый главный) боюсь поступать теперь",3,Казахстанско-Британский технический университет,4.7,3537
Абылай Мирамбекұлы,"6 апреля 2025, отредактирован","Там учится учится мой друг, и он весь худой из за вас и голодает а так хороший универ",1,Казахстанско-Британский технический университет,4.7,3537
Kasymbek Bitimali,"6 апреля 2025, отредактирован",),5,Казахстанско-Британский технический университет,4.7,3537
Kvaser ™,4 апреля 2025,"Сулейман Амир местный голубой совокуплялся с бегемотом номер данного пуджа:+77073334635
Звоните и присылайте члены",1,Казахстанско-Британский технический университет,4.7,3537
sanzh,3 апреля 2025,🫂🫂,5,Казахстанско-Британский технический университет,4.7,3537
sss 777,"2 апреля 2025, отредактирован","КБТУ жаляп шарага друг учится шшс КИМЭП лучше
Честно говорю курту керек",1,Казахстанско-Британский технический университет,4.7,3537
Танатар Нурислам,"31 марта 2025, отредактирован",Нравится универ,5,Казахстанско-Британский технический университет,4.7,3537
Jomart .,"29 марта 2025, отредактирован",Кайф,5,Казахстанско-Британский технический университет,4.7,3537
Аяжан Красавица,28 марта 2025,"Жақсы универ сияқты, неге маған тегін грант бере салмасқа?",4,Казахстанско-Британский технический университет,4.7,3537
Balgerim Y,26 марта 2025,вайфай нормальный будет обеспечен когда-нибудь?,2,Казахстанско-Британский технический университет,4.7,3537
Денис Шамриков,25 марта 2025,"Норм уник, если в нем не учится :). Знаний особо не дают (зависит от препода), но требуют дай боже. Если привыкли к самообучению, отличный вариант, потому что пар не много, в универе особо много времени не потратите",5,Казахстанско-Британский технический университет,4.7,3537
Жасмин Килибаева,24 марта 2025,Очень классная,5,Казахстанско-Британский технический университет,4.7,3537
Satymbaev !,22 марта 2025,👍🏻,5,Казахстанско-Британский технический университет,4.7,3537
Bagdagul Bisengalieva 🌺💐🍀🌷🌸🪻,"22 марта 2025, отредактирован",Пробки 😅,5,Казахстанско-Британский технический университет,4.7,3537
Виктория Марчевская,"22 марта 2025, отредактирован",Празднование Наурыз,5,Казахстанско-Британский технический университет,4.7,3537
Асель Ашенова,"22 марта 2025, отредактирован","Хороший уник, жаль не поступила сюда🤣🤣😭😭😭😭😭😭
А сколько концертов там проводится😣
London is the capital of Great Britain ! 🇬🇧👏💂💷",5,Казахстанско-Британский технический университет,4.7,3537
Тимур Роналдович,21 марта 2025,Лучший униу,5,Казахстанско-Британский технический университет,4.7,3537
Tomа 🎀,"20 марта 2025, отредактирован",Пойдет,2,Казахстанско-Британский технический университет,4.7,3537
Aibar Kuanish,"19 марта 2025, отредактирован",случайно поставил 1 звезду,1,Казахстанско-Британский технический университет,4.7,3537
LEV .,19 марта 2025,Norm univer,5,Казахстанско-Британский технический университет,4.7,3537
Ануар .,"18 марта 2025, отредактирован",Демонтаж озым жасагам 5этажын полный 😂,5,Казахстанско-Британский технический университет,4.7,3537
Aliya _,"17 марта 2025, отредактирован","Минус из-за вандалов студентов, халатно относящихся к историческому наследию.",4,Казахстанско-Британский технический университет,4.7,3537
adil ㅤ,"17 марта 2025, отредактирован","Охх, зря я туда полез...",5,Казахстанско-Британский технический университет,4.7,3537
Samat Koishibayev,"15 марта 2025, отредактирован","Историческое место, топовый вуз!",5,Казахстанско-Британский технический университет,4.7,3537
Гани Бакиров,13 марта 2025,"жақсы, тамаша",5,Казахстанско-Британский технический университет,4.7,3537
Назгул Амирбекова,13 марта 2025,Салеметсиздерма курметти университет мугалимдери студенттерди кинаганды коймайсыздарма казир ораза балаларга ауыр тип жатыр калай орындасада дурыс орындалса болды емес па баланын енбегин багаламайсыздарма оздеринизди мугалим устазбын деп билгендеринизди жасаган дурыс емес кай устаз екенин турин тустеп айтпаяк койайын бирак кишкене ойланыныздар Алланын алдында сураласыздар!,1,Казахстанско-Британский технический университет,4.7,3537
Azoshhh,"11 марта 2025, отредактирован",Хорошие ступеньки,4,Казахстанско-Британский технический университет,4.7,3537
😎😎😎😎😎😎 :O,"11 марта 2025, отредактирован",Спасибо что открыли толе би,5,Казахстанско-Британский технический университет,4.7,3537
Darhan Ẏalihan,"11 марта 2025, отредактирован",Самый лучший университет!,5,Казахстанско-Британский технический университет,4.7,3537
Fel1x 🌱,"10 марта 2025, отредактирован",Классный универ,5,Казахстанско-Британский технический университет,4.7,3537
Султан Бимагамбет,7 марта 2025,Kate,1,Казахстанско-Британский технический университет,4.7,3537
Daulet Ryskul,6 марта 2025,"Универ хороший, но надоедает когда каждый день в 9 утра сюда приходишь😭",5,Казахстанско-Британский технический университет,4.7,3537
Городская легенда,5 марта 2025,мечта🫠,5,Казахстанско-Британский технический университет,4.7,3537
k k,4 марта 2025,ухх зря я туда полез,2,Казахстанско-Британский технический университет,4.7,3537
Aizhan Baigaliyeva,4 марта 2025,The Best!!!❤️,5,Казахстанско-Британский технический университет,4.7,3537
Искандер Косахов,3 марта 2025,👍🏻👍🏻👍🏻👍🏻,5,Казахстанско-Британский технический университет,4.7,3537
Kurbanbek Erboluly,"3 марта 2025, отредактирован",Универ мечты,5,Казахстанско-Британский технический университет,4.7,3537
Zamira Kartbaeva,"2 марта 2025, отредактирован",Крутой универ,5,Казахстанско-Британский технический университет,4.7,3537
Аяшка :),"28 февраля 2025, отредактирован","Хороший универ,архитектура 10/10 😮‍💨🏛🔥",3,Казахстанско-Британский технический университет,4.7,3537
Ансар Шажанканов,24 февраля 2025,Там Ернатик учиться,5,Казахстанско-Британский технический университет,4.7,3537
Bekbarmak,23 февраля 2025,"haven't finished it yet, I'll give a separate review when I finish",5,Казахстанско-Британский технический университет,4.7,3537
N | T,"20 февраля 2025, отредактирован",😑,1,Казахстанско-Британский технический университет,4.7,3537
Марат Абдешев,"15 февраля 2025, отредактирован",Осында жұмыс істеймін,5,Казахстанско-Британский технический университет,4.7,3537
Ab3al A3an,14 февраля 2025,🔥🔥🔥🔥🔥,5,Казахстанско-Британский технический университет,4.7,3537
Aisa Leegai,15 апреля 2025,"Сколько можно терпеть эту вахтёршу в универе? Она реально ведёт себя, как будто главная охрана Кремля — орёт, делает бестoлковые замечания, цепляется ко всему. Такое ощущение, что ей либо заняться нечем, либо уже пора на пенсию. Уважения к студентам — ноль. Хочется просто прийти учиться, а не слушать истерики у входа.
Кажется, она забывает, что перед ней не школьники, а взрослые люди. Можно как-то повлиять на ситуацию? Потому что терпеть это каждый день уже сил нет.",1,Q University,4.4,266
Rufina Aslanova,"6 апреля 2025, отредактирован",Очень хороший колледж. Директор понравилась. Преподаватели все понравилось. Перевела сына в этот колледж с другого. Очень нравится,5,Q University,4.4,266
Нурсултан Рай,"3 апреля 2025, отредактирован",Не советую персонал грубый 403 кабинет особенно,1,Q University,4.4,266
Әділет Марат,"19 марта 2025, отредактирован","Студенттердің көбісі сабаққа бармайды, дәл осы жерде оқитындардың. Аты бар, заты жоқ далбаса. Мүлдем жауып тастау керек! Білімді кәсіп қылып отырған қойыртпақ. Бір жұлдыз қою жалко даже, просто пікір жарияланбайды.",1,Q University,4.4,266
Адияр Суиндык,"9 марта 2025, отредактирован",Невоспитанные и не культурные преподаватели. Много чего себе позволяют. Коррупция. Одним словам не советую вообще,1,Q University,4.4,266
Medeu,22 февраля 2025,"Преподы неграмотные ,сотрудники не компетентные, как вообще держится?",1,Q University,4.4,266
Adam 🐺,10 февраля 2025,На один раз пойдет,1,Q University,4.4,266
Қасым-Жомарт Тоқаев,"31 января 2025, отредактирован",👍🏻👍🏻👍🏻👍🏻👍🏻👍🏻👍🏻👍🏻👍🏻👍🏻👍🏻,5,Q University,4.4,266
Adilet abiken,"29 января 2025, отредактирован",Фигня полная,1,Q University,4.4,266
Aigerim Sayatkyzy,16 января 2025,лучший университет,5,Q University,4.4,266
Ayа 💙,"16 января 2025, отредактирован",Самый лучший университет😍,5,Q University,4.4,266
Гулзат _,"16 января 2025, отредактирован",Лучший университет,5,Q University,4.4,266
Ари Ахмедуллаев,16 января 2025,әдемі универ,5,Q University,4.4,266
. .,16 января 2025,"Очень классное учебное заведение!!
Я рекомендую сюда поступать, тут много возможностей, тут также есть скидки для учебы, всем советую сюда поступать!",5,Q University,4.4,266
Nazerke Turgunbai,16 января 2025,Классно 😀😀😀😀,5,Q University,4.4,266
Aë Zheksentay,"30 декабря 2024, отредактирован","Это не учебное завидение, это пи”дес. Не поступайте",1,Q University,4.4,266
Akerke Zhumaeva,7 декабря 2024,"Уровень преподавания оставляет желать лучшего, а отношение к студентам просто отвратительное. Поступление сюда стало одной из самых больших ошибок в моей жизни. Впустую потраченные время, нервы и деньги. Рассмотрите альтернативы, этот университет совсем не стоит вашего внимания. Рада, что вовремя поняла, куда попала, и решила уйти уже после первого семестра.",1,Q University,4.4,266
jasmine kassen,"6 декабря 2024, отредактирован",хамы одни работают.,1,Q University,4.4,266
Мариям Кожахмет,"25 ноября 2024, отредактирован","Это не университет, а просто помойка и развод!
Кайнар - это самый настоящий лохо-трон, где продают дипломы, а не дают образование! Тут даже не пытаются учить — просто выкачивают деньги с тех, кто готов купить себе бумажку.
Преподаватели - полный отстой, видимо, собрали всех неадекватных и некомпетентных людей, потому что настоящие специалисты сюда и не подойдут. Это место для тех, кто просто не хочет учиться, а ищет легкий способ получить диплом. Всё, что здесь происходит - полная фальшивка, реклама - очередная ложь, чтобы заманить людей. Негативные отзывы чистят, чтобы скрыть правду.
Если не хотите зря выбрасывать деньги и время — обходите этот ""университет"" за километр! Этот университет - просто полный развод, не верьте ни одному положи-тельному отзыву!
Кайнар - это просто мошенничество на полном серьезе! Все положительные отзывы — это накачанные неудачники те, кто работает на рейтинг, чтобы скрыть правду",1,Q University,4.4,266
Коренной Алматинец,20 ноября 2024,Не дают посидеть на первом этаже во время окошки🤨,1,Q University,4.4,266
Gggg Gggggg,17 ноября 2024,"Оқуға түсуге кеңес бермеймін, жұмыстарын уақтылы орындап түсіндірме жұмысы жүргізілмейді.",1,Q University,4.4,266
Aidos Shakim,15 ноября 2024,Хорошая самса,5,Q University,4.4,266
ㅤㅤㅤㅤㅤㅤㅤㅤㅤ ㅤㅤㅤㅤㅤㅤㅤㅤㅤ,5 ноября 2024,ㅤㅤㅤㅤㅤㅤㅤㅤㅤㅤㅤㅤㅤㅤㅤㅤㅤㅤㅤㅤㅤ,5,Q University,4.4,266
Nurlan ;),15 октября 2024,Адок топ ахахах,5,Q University,4.4,266
사람 학센,"11 октября 2024, отредактирован","К своему прошлому отзыву добавлю.
На данный момент 10.10.2024 по моей специальности нет расписания ВСЕ ЭТО ВРЕМЯ мне говорили,что, как получу пароль от платонуса буду учиться дистанционно. Сейчас же пишут,что дистанционного обучения у них нет когда я поступала говорила,что буду учиться дистанционно и писала даже заявление которое они сами и попросили. Так же все с кем могу связаться ведут себя непрофессионально Вообщем ответственным студентам которым не плевать на свое будущее сюда лучше не поступать.
Взрослые люди работают, а работать так и не научились.
Но к преподавателям вопросов нет, хорошие но увы в платонус ничего не отправляют.",1,Q University,4.4,266
Бобо Бобо,"6 октября 2024, отредактирован",💩💩💩💩💩💩💩💩💩💩💩💩💩💩💩💩💩💩💩💩💩💩💩💩💩💩💩💩💩,1,Q University,4.4,266
Алина Кулжабаева,19 сентября 2024,Негізгі таза іші әдемі университет екен🥰😍адамдарды тартып тұратын просто маған өте алыс жолы,5,Q University,4.4,266
Dimash Yerzhanov,5 сентября 2024,Крутой!!! Аура +10000,5,Q University,4.4,266
Камшат Турманова,4 сентября 2024,Один из ТОПовых ВУЗов в Казахстане🔥🔥🔥🔥,5,Q University,4.4,266
Adilet BRO,10 июля 2024,Super universitet. Mne nravitsya. Rekomenduyu )),5,Q University,4.4,266
Серік Шаекеев,29 мая 2024,"Классный университет, много инноваций. Дети будут тут учиться 👍",5,Q University,4.4,266
Хамзат Чимаев,"18 марта 2024, отредактирован",You super 👌,5,Q University,4.4,266
Aman Asqaruli,16 февраля 2024,Керемет Оку орны 👍🏿👍🏿,5,Q University,4.4,266
Dinmukhammed Yerzhanov,"30 января 2024, отредактирован",나는 매우 행복하다.,5,Q University,4.4,266
Серик Серик,"22 декабря 2023, отредактирован","Академия нравится, хороший преподавательский состав",5,Q University,4.4,266
Аделя :3,2 октября 2023,"До этого я училась в Казахском университете международных отношений имени Абылай хана, но благополучно отчислилась) В кайнар поступила на психолога. Цена обучения очень низкая, но учителя с большим стажем, чуткие, понимающие. Атмосфера очень дружная. Могу смело посоветовать поступать сюда!",5,Q University,4.4,266
Sayid Libra,"27 сентября 2023, отредактирован","Приехал на зарядку электрокара, выставили ценник на зарядку 1500 тг час, умники)",3,Q University,4.4,266
Ерсін Ескелді,27 сентября 2023,нивигова все курят 👍🏻☺️,5,Q University,4.4,266
Nagima Kuzenbaeva,24 августа 2023,Негативные отзывы оставляют неудачники,5,Q University,4.4,266
Hinata Nori,25 июня 2023,Слава богу что я забрала документы после 1 дня обучения. Разве нормальные учебные заведения расположены в зданий бизнес центра? Когда я зашла туда у меня было такое чувство будто я попала в какой-то офис но не в универ! Чтобы зайти в кабинет нужно пройти через балкон!,1,Q University,4.4,266
Р К,11 июня 2023,Легендарный университет. Учился когда он ещё был на Сатпаева.,5,Q University,4.4,266
Жансая Тұрысбекқызы,16 марта 2023,самый лучший универ,5,Q University,4.4,266
Не указано,12 февраля 2025,Бетке ұстар универімғой,5,Университет Нархоз,4.4,3463
Мырза .,12 апреля 2025,"Я хочу в этом году у вас учиться,можете посоветовать,стоит ли?",5,Университет Нархоз,4.4,3463
Faku Nik,11 апреля 2025,"Уважаемая администрация, учитель Шахмар агай(и не только) — человек недалеко ума, как он вообще проходил собеседование, когда вы его нанимали? Его уровень английского не дотягивает даже до 5-го класса, не знает английский совершенно и при этом преподает предметы 2+ курсам, у которых обучение проходит на английском. Также ни черта не знает предметы, которые преподает, просто читает с презентаций, а на какие-либо вопросы на которые ответит не может, отвечает: «Спросите у ChatGPT». Также часто опаздывает на пары, бывает даже на 20 минут, а когда кто-то опаздывает на 2–3 минуты, отказывается ставить аттенданс, отвечая: «Не мои проблемы». У меня у него идет урок криптографии, и какого фига нам задают дз, как, например: создать телеграм-бота, подключить базу данных и т.д.? Хотя по программе мы этого не проходили и не знаем. Как так получилось, что человека, который ничего не знает, пустили в учителя? А в деканат жаловаться бесполезно, так как все равно не будут предприняты какие-нибудь меры (уже жаловался, и безрезультатно). Вы нанимаете учителей по принципу: закончил какой-то универ, не важно, шарагу или нормальный вуз, и не смотря гпа — значит, подходит? + К этому же бесит, что у каждого учителя своя система оценивания, из-за которой многие валят предметы, сделайте единую систему оценивания на каждый предмет.
Топ-1 университет в галактике млечный путь(как они говорят).",1,Университет Нархоз,4.4,3463
Даниал Әлімжан,"11 апреля 2025, отредактирован","Трубканы котерндерш ,хотябы сообдениямды окындарш",1,Университет Нархоз,4.4,3463
Александр Подлесный,"11 апреля 2025, отредактирован","Очень крутое место, все современно, приветственные сотрудники, классная библиотека, есть места отдыха и мини баров студенческими ценами.",5,Университет Нархоз,4.4,3463
Дархан Тәңірберген,10 апреля 2025,"Учусь здесь ,все круто",5,Университет Нархоз,4.4,3463
Ulan Sarsembayev,"9 апреля 2025, отредактирован",жди меня мой уник 😘,5,Университет Нархоз,4.4,3463
Nurtay Serik,8 апреля 2025,"Университет оснащён современными технологиями, а преподаватели всегда готовы помочь.

Кто тут босс???♥️♥️",5,Университет Нархоз,4.4,3463
FIL Lili,8 апреля 2025,"Возьмите уже всё под контроль. Серьёзно. Где проверки? Где соответствие «цена — качество»? Мы — студенты, а значит потребители образовательной услуги, и за эти деньги хотим хотя бы адекватного подхода. А пока складывается ощущение, что требования растут, цены поднимаются, а ответственность — нулевая.

А теперь про сам учебный процесс. Я учусь в гуманитарной школе, и это просто бардак. По большинству дисциплин ощущение, что всё делается на отвали. Особенно философия — предмет, который должен формировать мышление, а по факту превращён в прогулки по выставкам. Преподаватель (Филатова) ведёт курс так, как будто сама не уверена, что такое философия. Ни структуры, ни глубоких тем, ни разборов. Имитация обучения вместо реального преподавания.

Во многих предметах — то же самое. Преподаватели читают слайды, уходят от содержания, строят «дискуссии», чтобы не касаться сложных тем. Некоторые просто «эксперты», но преподавателями их не назовёшь. Таких, кто реально умеет преподавать, можно пересчитать по пальцам одной руки.

Если вы правда заботитесь об образовании, наведите порядок. Проверьте, что читают, кто читает и как читают. А потом уже повышайте цены и требования. Потому что пока всё выглядит как красивая обёртка с пустотой внутри.",1,Университет Нархоз,4.4,3463
mardaanaaa 🎐,"8 апреля 2025, отредактирован",Самый лучший ВУЗ✨,5,Университет Нархоз,4.4,3463
Нұртілеу Ақыл,7 апреля 2025,Норм,5,Университет Нархоз,4.4,3463
Нурали Рахым,"7 апреля 2025, отредактирован",Там просто сестра учиться,5,Университет Нархоз,4.4,3463
Dina Sharipbai,7 апреля 2025,Если что робот емес адамбыз біз!миға сенетін нарсе істеңдерш!,1,Университет Нархоз,4.4,3463
Aidana Orynbaeva,"5 апреля 2025, отредактирован","1 звезда - Сабина Климова.
если есть желание 24/7 проводить время в универе, то уелком)
подхода к студентам ноль, оффлайн не попасть к администрации, вечная очередь. а онлайн пишешь на почту, отвечают неделями и то и месяцами. (иногда вовсе оставляют без ответа)
есть преподаватели которых можно пальцами одной руки сосчитать, которые замечательно преподают а не исполняют роль «хороший эксперт, ноль препод».
да ради бога, возьмите уже под контроль всех и вся, прежде чем завышать цены и требования!
а так да дизайн хороший, конечно столько денег и сил было вложено.
ВШЭМ - Климова С.А. любовь🫶🏻",1,Университет Нархоз,4.4,3463
Marjan Sadykova,"4 апреля 2025, отредактирован",Звезды,5,Университет Нархоз,4.4,3463
Renat,"3 апреля 2025, отредактирован",НАРМАЛНА,5,Университет Нархоз,4.4,3463
Shadd S,"1 апреля 2025, отредактирован","Дизайн класс, как и образование",5,Университет Нархоз,4.4,3463
Timosheees ),31 марта 2025,Хорошое место для учебы,5,Университет Нархоз,4.4,3463
E. Aqniet .,"31 марта 2025, отредактирован",It is a very interesting and high-quality university. There are a lot of useful clubs and faculties,4,Университет Нархоз,4.4,3463
madina syrymova,"29 марта 2025, отредактирован",😍😍😍,5,Университет Нархоз,4.4,3463
Anna,29 марта 2025,"Очень понравилось заведение. Какие приятные преподаватели, уважение, внимание. Облагороженная территория, где можно посидеть и обогатиться кислородом (специально высаженные деревья и правильно расставлены беседки).",5,Университет Нархоз,4.4,3463
It’s Madi,"26 марта 2025, отредактирован","В последний (15-й) учебный неделю(осенний семестр) я по состоянию здоровья попал в больницу и заранее уведомил старосту о своём отсутствии. Однако преподаватель отметил моё отсутствие как неуважительную причину, несмотря на уведомление через старосту.

Когда через неделю как только я получил справку, я передал справку преподавателю, он заявил, что система Canvas уже закрыта, и изменения внести невозможно. При этом на тот момент был 17 декабря, и, согласно правилам, система не должна была быть закрыта.

Из-за этой ошибки мой показатель посещаемости оказался ниже 80%, что привело к недопуску к экзамену. Я обратился в КОК факультета, однако мой вопрос был проигнорирован. Голоса членов комиссии разделились (2 «за», 2 «против»), но в итоге решение в мою пользу так и не было принято. Более того, меня необоснованно обвинили в преднамеренном пропуске двух учебных дней (четырёх пар), хотя у каждого студента могут возникнуть обстоятельства, из-за которых он вынужден пропустить занятия.

Последним шагом было обращение к деканату, но мой запрос также остался без ответа.

университет не относится серьёзно к проблемам студентов, а система Canvas работает с ошибками, создавая дополнительные трудности. Отсутствие оперативной реакции и справедливого решения таких ситуаций ставит под сомнение эффективность работы учебного заведения.",1,Университет Нархоз,4.4,3463
Zhansezim Sarsebek,26 марта 2025,The best University,5,Университет Нархоз,4.4,3463
Alikhan Kanat,"26 марта 2025, отредактирован",👍🏻👍🏻👍🏻👍🏻👍🏻❤️👍🏻👍🏻👍🏻🤘🏻👍🏻❤️👍🏻🤘🏻❤️🤘🏻👍🏻❤️🤘🏻👍🏻🙌🏻🙌🏻🙌🏻🙌🏻👏🏻👏🏻🙌🏻👏🏻🙌🏻👏🏻🙌🏻👏🏻🙌🏻🦁🦁🦁🦁🦁🦁🦁🦁🦁🦁🦁🦁,5,Университет Нархоз,4.4,3463
Madiyar Adilkhanov,25 марта 2025,"классный универ, красивый кампус",5,Университет Нархоз,4.4,3463
Шакизад Рахменшеев,"23 марта 2025, отредактирован",Я там проходил обучение,5,Университет Нархоз,4.4,3463
Асем Мырзахмедова,"23 марта 2025, отредактирован",Аидаға барып тұрамын анда санда😇,5,Университет Нархоз,4.4,3463
Shamil Yereulov,21 марта 2025,"либо нормально почините канвас, либо вообще перейдите пожалуйста на какую то другую платформу. целый год тормозит, по 5 мин ждешь чтобы открыть одну вкладку, а эти последние 2 недели она вообще легла. что происходит? многие дедлайны горят, оценки посмотреть анрил, подготовиться по материалам вообще невозможно",1,Университет Нархоз,4.4,3463
Nurgisa Adilzhan,20 марта 2025,Самый лучший универ❤️,5,Университет Нархоз,4.4,3463
Хасан Турганбеков,"19 марта 2025, отредактирован",🔥🔥🔥,5,Университет Нархоз,4.4,3463
XAN KORI,15 марта 2025,Мені алса 6 қойып беремін,5,Университет Нархоз,4.4,3463
Орысбай Қанағат,14 марта 2025,😍,5,Университет Нархоз,4.4,3463
LiodaT,"13 марта 2025, отредактирован","Обучение в этом университете оставляет желать лучшего. Регистрация на курсы – настоящий хаос: система зависает, мест катастрофически не хватает. Из-за чего студенты вынуждены откладывать изучение нужных им дисциплин, что только усложняет процесс обучения.
Преподавательский состав неоднородный – есть хорошие специалисты, но встречаются и такие, кто не разбирается в своём предмете, читает лекции по старым материалам и не отвечает на вопросы студентов. Некоторые даже открыто выражают неуважение к учащимся. В этом плане выделяется преподаватель Арганчиева Динара Булатовна.
Администрация тоже не спешит решать проблемы – эдвайзеры молчат, техподдержка не работает, а любые обращения игнорируются. К тому же, университет вынуждает студентов проходить бессмысленные опросы об удовлетворённости, угрожая недопуском к сессии.
За такую стоимость обучения организация процесса должна быть на порядок выше. Вместо этого – полный бардак и отсутствие желания что-то менять.",2,Университет Нархоз,4.4,3463
Snzhk Snzhk,13 марта 2025,"Университет нельзя назвать полностью плохим, но и достойного уровня он явно не демонстрирует. Главная проблема — слабый преподавательский состав, вне зависимости от направления. Особенно разочаровывает работа Арганчиевой Динары Булатовны. Её отношение к студентам непрофессиональное, она не скрывает предвзятости и явно не владеет материалом на должном уровне. На занятиях может просто искать информацию в интернете, запрещает использование нейросетей, но сама, похоже, активно их применяет. Удивительно, что человек с таким уровнем знаний работает не только в вузе, но и в сфере практической психологии. Студенты уже неоднократно жаловались на неё, но никаких мер так и не принято.

Не менее странной выглядит политика администрации. В конце семестра от студентов требуют заполнить анкету об удовлетворённости обучением, угрожая в противном случае не допустить их к сессии. Очевидно, что цель этого опроса — создать видимость благополучия, а не реально улучшать ситуацию.

Кроме того, университет поражает своей хронической неорганизованностью. Каждый семестр начинается с полного хаоса: эдвайзеры молчат, техподдержка игнорирует обращения, а студенты вынуждены разбираться во всём сами. И что самое неприятное — эта ситуация повторяется из года в год, но никого, похоже, это не волнует. Чем дальше, тем сильнее разочарование.",2,Университет Нархоз,4.4,3463
Shoka .,"13 марта 2025, отредактирован","В целом универ не сильно плох, но он и не хорош. Преподавательский состав хромает на всех специальностях, особенно хотелось выделить преподавательницу Арганчиеву Динару Булатовну, совершенно непрофессиональное отношение к студентам, открыто выражает неприязнь к конкретным студентам и ее предвзятое к ним отношение, очень странно преподает, гуглит на занятиях, присекает чат ГПТ и др. нейронки, тем не менее сама пользуется им, делая задания на его основе, не знает простейшие термины, как вообще можно преподавать не зная предмет? Особенно удивило то, что она действующий практик-психолог... Очень странно, что такие люди учат будущих специалистов, она сама говорила, что на нее уже было написано много репортов, но деканат ничего не хочет с этим делать.

Так же хотелось отметить особенную неэтичность со стороны администрации, в конце каждого семестра учеников просят заполнить особый опрос по удовлетворенности в услугах универа, так вот, в чем заключается неэтичность, если не заполнить данный опрос - не допустят к сессии. Мне кажется, что это не есть нормально.

Ещё меня напрягает ужасная неорганизованность универа особенно в каждом начале нового семестра, эдвайзеры не отвечают, техподдержка тоже молчит, каждый год одно и то же! И опять же, никто ничего не хочет с этим делать, просто разочаровываюсь в этом универе каждый год.",2,Университет Нархоз,4.4,3463
Aisha Akhmetova,"13 марта 2025, отредактирован","ну прикольное место, но щас я дома уже",5,Университет Нархоз,4.4,3463
Dariya Zhenisqyzy,11 марта 2025,👍,5,Университет Нархоз,4.4,3463
Aiym S,10 марта 2025,Осы универге тусемин буйырса 👏🏻👏🏻😍😍🥰🥰,5,Университет Нархоз,4.4,3463
Мықтыбай Әкежан,8 марта 2025,Буйырса станешь моим уником через год❤️,5,Университет Нархоз,4.4,3463
Aminasa 🐒,7 марта 2025,Там очень классно,5,Университет Нархоз,4.4,3463
Maruka 🌙,"5 марта 2025, отредактирован",Красивыц огромный люди очень добрые😻😻,5,Университет Нархоз,4.4,3463
Гульмира Базарбаева,"5 марта 2025, отредактирован",Керемет. Бізді гүл құшақпен қарсы алды!Алғыстар айтамын!,5,Университет Нархоз,4.4,3463
Дарьян,"2 марта 2025, отредактирован","Уник пойдет, учиться тяжело капец…",5,Университет Нархоз,4.4,3463
Мейрбек Бектурсын,2 марта 2025,"Здание неплохое, просторное пока еще не учился, но буду!",4,Университет Нархоз,4.4,3463
rami 🐈‍⬛,2 марта 2025,"универ топ, особенно охранное агентство топаз-5, помогли моей подруге найти телефон и в целом были очень доброжелательные",5,Университет Нархоз,4.4,3463
Arman 👾,"2 марта 2025, отредактирован",әдеміііііі,5,Университет Нархоз,4.4,3463
Aisultan Tolybekov,"1 марта 2025, отредактирован",Ап адемы кызым окиды сол ушн гана,5,Университет Нархоз,4.4,3463
Александра В,"28 февраля 2025, отредактирован",Универ ван лав ❤️,5,Университет Нархоз,4.4,3463
Батырхан Мырзашев,27 февраля 2025,"Здравствуйте можете дать информацию о военной кафедре
Сколько стоит?
Сколько учиться?",5,Университет Нархоз,4.4,3463
Bakytnur Shandalinov,"27 февраля 2025, отредактирован",Отопление қосыңдарша Құдай үшін каждый адамнан ақша алып отырсыңдар,2,Университет Нархоз,4.4,3463
kartavykh Artem,"6 апреля 2025, отредактирован",Беспонтовый,1,Международный инженерно-технологический университет,4.5,742
adema .,"3 апреля 2025, отредактирован",Апайлар күшті😍😍,4,Международный инженерно-технологический университет,4.5,742
А Химия,3 апреля 2025,"Жаксы апайлар коп
Бырак Кулманова А Химия оте нашар
Сойлесу манери,карым катынасы,коз карасы оте нашар
Кызым осы колледже окиды осы апайга шагымданады
Жылап келеды сессия рубешка сабак сайын
Неге десем Кулманова Аяулым меним жеке басыма тиетын зат айтты деп
Буны колга алсаныздар",3,Международный инженерно-технологический университет,4.5,742
Аружан Елшибекова,2 апреля 2025,👍🏻👍🏻👍🏻👍🏻,5,Международный инженерно-технологический университет,4.5,742
Buldirgen Murat,1 апреля 2025,Колледж өте жақсы апайлар сабақтарын жақсы өтеді 👍👍👍,5,Международный инженерно-технологический университет,4.5,742
аааар ар,14 марта 2025,"Звонила в колл центр ,чтобы уточнить один вопрос , минут 15 пыталась дозвониться ,поднимают трубку и молчат 🤦🏻‍♀️ пишу на ватсап читают и не отвечают (. Зачем тогда вообще оставлять номер на сайте , если ответить вы не в силах!",1,Международный инженерно-технологический университет,4.5,742
Alisher Satybaldy,"10 марта 2025, отредактирован","Уник нормальный учать среднем уровне нет таких занудных учителей, все современное кажется только отстроили общежитие, и совет для учеников в гранте порог 70 баллов, платники 50балл,район тихий расположен рядом ботанический сад, шум от машин нет. 4 звёзд многи из запада, из-за этого бывает драки, я сам не заметал но все таки есть драки, общежитие только для 1 курсников, из этого следует нет бывать что второгодки не мучают 1 курсников.",4,Международный инженерно-технологический университет,4.5,742
Асылжан Сериков,"8 февраля 2025, отредактирован","Сам здесь учусь все нравится
Общежитие вообще топ 👍
Всем советую",4,Международный инженерно-технологический университет,4.5,742
Мерей Досаламанова,27 января 2025,"Колл-центр ничего не знает и слов не понимает. Говоришь об одном, пишут совсем другое🤦🏻‍♀️",3,Международный инженерно-технологический университет,4.5,742
Zhandos S,"24 января 2025, отредактирован","Буфетчица прекрасная женщина, всегда улыбается, хорошо общается и щедрая как всегда, дайте ей премию!!!",5,Международный инженерно-технологический университет,4.5,742
Dias Asanov,"14 января 2025, отредактирован","Сегодня посетил универ. Атмосфера продумана со вкусам. Чисто, комфортно внутри. Команда универа очень мощная! Успехов! Кстати, это как наукаград. Лайк!",5,Международный инженерно-технологический университет,4.5,742
Женис Батырбекулы,9 января 2025,Местополежения,5,Международный инженерно-технологический университет,4.5,742
Adok .,"25 декабря 2024, отредактирован","Хороший университет, проблема лишь с очередью в офис-регистратор.",3,Международный инженерно-технологический университет,4.5,742
Саркис Гаспарян,24 декабря 2024,Колледж на высоте особенно хочу добавить от себя нравится очень как приподает урок Жулдыз Апай до строгая да требовательная но самое главное есть у этого человека Понимание очень часто идёт на встречу❤️❤️❤️,5,Международный инженерно-технологический университет,4.5,742
Аслан .,"24 декабря 2024, отредактирован","Асанова Бибіхан апайдың сабақ беру деңгейі өте жоғар, сабақты күшті түсіндіреді, менің сабаққа деген шабытымды ашқан кісі🫶🏻",5,Международный инженерно-технологический университет,4.5,742
Адина А,23 декабря 2024,лучший университет,5,Международный инженерно-технологический университет,4.5,742
Городская легенда,20 декабря 2024,"Осы кезде приемныйда отқан қыз өте молодец,жауапты,жұмыс процессін түсіне отырып студенттермен оқу процессі бойынша жақсы жұмыс жүргізеді екен. Есімі қателеспесем Арайлым немесе Арай. Оқу жылы басында 61 кабинетте болған еді. Академиялық департамент кабинетінде, сол кезде де сабақтарымыз бойынша ойын айтып көмек берген еді. Дымда ашусыз, артық эмоциясыз келген қаншама студентке жауап беріп, проблемамызды шешуге үлесін қосты шынында. Меніңше оқу процессіне студенттермен тікелей осындай сұрақтар туындағанда жүгінетін маман. Оқу процессі бойынша 61 кабинетке барыңыз деп барлығы жіберген кезде үнемі қандай сұрақ бойынша келдіңіз деп анықтап сұрап алып, бағыттайтын, көмек сұрасақ уақыт тапшы болсада айтып беретін, тап бүгін де апайдың көмегі тиді, үлкеен алғыс айтамыз группа болып. (Кураторымыз да осы апайды айтады бізге. Апайды қайта 61 кабинетте күтеміз, келсе екен деп)",5,Международный инженерно-технологический университет,4.5,742
Alau,19 декабря 2024,"Никто не предупреждал что оплата 4 курса 100% должен быть до сессии, теперь все стоим перед бухгалтерии?! Сказали пересдача или вообще недопуск, почему мы должны терять время и ждать бухгалтерию? Работали б они нормально и быстрее не ждали б тут час или два
Ужас просто",1,Международный инженерно-технологический университет,4.5,742
Lllll Kkkkk,18 декабря 2024,"Работники в офис регистрации (33 кабинет) очень грубые , толком ничего не могут объяснить и еле разговаривают вечно недовольные . Только и могут выставлять за дверь и кричать!",1,Международный инженерно-технологический университет,4.5,742
Ирина Скоробогатова,"18 декабря 2024, отредактирован","Мне очень понравилось как девушка по имени Адема работает что то при деканате или ректорате, короче профессионал она, помогла мне разобраться с ошибкой связанной с моим зачислением. Хороший университет",5,Международный инженерно-технологический университет,4.5,742
Alex,"11 декабря 2024, отредактирован",Такое себе,2,Международный инженерно-технологический университет,4.5,742
Eldar Harden,10 декабря 2024,"Обучение на хорошем уровне, все отлично. Соглашусь с отзывами других, люди правы не хватает воспитания, уважение к старшим.
Группа ИТвЭЭ красавцы.",4,Международный инженерно-технологический университет,4.5,742
Zhulduz Dildebayeva,"6 декабря 2024, отредактирован",Там все отлично. Соответствует всем требованиям вуз,5,Международный инженерно-технологический университет,4.5,742
Cra 2y,6 декабря 2024,"Хотел бы дополнить отзыв ниже и подчеркнуть то, что учителя зачастую переходят границы, пугают летниками, не думаю что это правильно.",3,Международный инженерно-технологический университет,4.5,742
хххх хххх,4 декабря 2024,"техничка ляззат ужасно обращается со студентами, всегда орёт как резаная, вечно хамит всем, будто ради нас работает, что в общаге, что в универе, вечно чем-то недовольная. решите проблему и успокойте её.",1,Международный инженерно-технологический университет,4.5,742
rakhim abdurakhimov,4 декабря 2024,Аянмен Бека окид жаксы дидыго былай былай,5,Международный инженерно-технологический университет,4.5,742
Fazila Utegalieva,"27 ноября 2024, отредактирован","Я работаю в этом университе 10 лет, есть с чем сравнивать. Университет развивается очень динамично. Совешенствуется материальная база, аудитории снабжены современными интерпктивными досками, все преподаватели имеют на оаботе ПК. Конечно, есть недостатки, как в люблм развивающемся организме. Нужнл работать над их исправлениями. Студентам нужно работать над этикой и эстетикой поведения! Нужно стать патоиотами своей Альма- матер. Замечания, которые делают жители окружающих домов в целом справедливы ; но я хотела бы возразить им в том, что наши студенты невоспитанны. Разве только студенты этого универа имеют привычки оставлять мусор в ненадлежащих местах? А остадьное население наших городов? Эта , к сожалению, общенациональная проблема. Взрослые, будьте сдержаннее в эмоциях, когда даете оценку поведния молодежи: это наша , взрослых, “ заслуга”!",5,Международный инженерно-технологический университет,4.5,742
Бауыржан Избасар,"26 ноября 2024, отредактирован",Керемет унвер,5,Международный инженерно-технологический университет,4.5,742
Bekarys Sharabadinov,26 ноября 2024,Хороший университет,5,Международный инженерно-технологический университет,4.5,742
Aksultan Toleubay,"26 ноября 2024, отредактирован",Университет 👍,5,Международный инженерно-технологический университет,4.5,742
Qeqe Yeye,18 ноября 2024,"Первым делом хочется выделить местоположение университета запутанная лабиринт,ели можно найти.
Второе это некоторые преподаватели не соблюдают субардинацию переходят на личность студента унижая перед всеми даже если ты прям сильно стараешься,учишься то тебя все равно занижают
Вывод:университет хороший с хорошим будущем но есть свои недостатки",1,Международный инженерно-технологический университет,4.5,742
Didi Ds,"13 ноября 2024, отредактирован","Из за студентов в нашем районе свалка! Студенты курят, употребляют алкоголь, оставляют мусор! На замечания никак не реагируют! Администрация не принимает никаких мер!!!",1,Международный инженерно-технологический университет,4.5,742
Oleg Gupalo,"11 ноября 2024, отредактирован",Мне нравится обучаться тут,5,Международный инженерно-технологический университет,4.5,742
Айару .,"11 ноября 2024, отредактирован",Эльба апай жаксы беред сабакта честная отырык жазбаймыз‼️,5,Международный инженерно-технологический университет,4.5,742
Ашим Надира,30 октября 2024,Преподаватель дар студенттермен субординация сактамайды. Студенттер жекесыне отып тиысты багасын коймайды. Студенттерге ескертпей платный ауыстыра салады. Рубежа уакытында дайындап жазып келгендерын карамайдыда. Адамнын турыне карап бал кояды. Университетте бари билгендерин истит. Жумыс истегендеры мындет барине. Ешким осы проблеманы шешпиды,1,Международный инженерно-технологический университет,4.5,742
Aa Aa,"27 октября 2024, отредактирован","Преподавательский состав деген ужас рубежка аптасында уақытылы сабақ кезінде рубежка алудың орнына жарты апай четверг субботаға дейін қабылдаймын сол кезде келесіңдер деп айтады сонда біз есіміз ауып 1 күнде 3 пән тапсырады екенбіз еще оның бәрін бір уақытка или жарты сағатқа дегенде шегеріп қояды каждый считает что его предмет единственный важный и им ввсе равно что в это время тебе нужно сдавать другой предмет доказательством является то что я не смогла сдать определенный предмет из за того что нас вызвали на другой хотя в этот день у нас нету этого предмета в расписании
Еще одна проблема что с чуваками не так которые сидят в серверной почему они не знают свои обязанности у меня в ноуте на минуту который дал мне сам универ не открывал ворд когда сходила к ним они сказали что они этим не занимаются учитывая то что я после этого позвонила в колл центр и они ответили что серверная должна этим заниматся Ало ребят вы зачем тогда в серверной сидите освободите место помню что в тот раз был другой парень к которму я обратилась и он без проблем мне все сделал",1,Международный инженерно-технологический университет,4.5,742
Aigera Zhumanova,21 октября 2024,Универде мұғалімдердің сабақ беру деңгейі өте жоғары🔥 оқып жүрген студенттер өте жақсы біледі! МИТУ ға түскенімізге өкінбейміз😊,5,Международный инженерно-технологический университет,4.5,742
Бекнур Бактыбек,"17 октября 2024, отредактирован",фигня уник,1,Международный инженерно-технологический университет,4.5,742
Zhambyl Kulshashar,"10 октября 2024, отредактирован","Самый топ универ,все классно,дает бесплатно ноутбук",5,Международный инженерно-технологический университет,4.5,742
Adilbai Kidirbaev,2 октября 2024,In the best university ❤,5,Международный инженерно-технологический университет,4.5,742
DI,1 октября 2024,"Хотели пожаловаться на бухгалтерию,всегда заходим даже если они в рабочем режиме все пьют чай,делают что хотят.Даже если не время обеда.
Студентов не принимают услуга ужасная.Вроде есть девушка по имени Диана вообще ужасно относится к студентам.Поставлю -1 звезду",1,Международный инженерно-технологический университет,4.5,742
Марина Нефёдова,"20 сентября 2024, отредактирован",Корректный преподавательский состав.Вспитанные студенты.,5,Международный инженерно-технологический университет,4.5,742
Niya Dulatova,"19 сентября 2024, отредактирован","Вробе норм сияқты,но точно блмим",4,Международный инженерно-технологический университет,4.5,742
Zhanna Gabbassova,18 сентября 2024,"Прекрасная атмосфера внутри вуза! вуз постоянно развивается, администрация делает все, чтобы студентам и училось и жилось в общежитиях комфортно - ставлю высшую отметку! Удачи и успехов!",5,Международный инженерно-технологический университет,4.5,742
Темирлан Байхут,"17 сентября 2024, отредактирован",Мой любимый университет самый лучший,5,Международный инженерно-технологический университет,4.5,742
Bagila Agaidar,16 сентября 2024,"Қайырлы күн! Университет басшылығы назарына алса екен деймін! Оқу жылы басталғалы бері Магнат азық-түлік дүкені маңында сіздің оқу орнының білім алушылары дүкеннен түскі ас ішіп жүреді. Сол маңда тұратын тұрғын ретінде жиі байқайтын бір жағымсыз істіғ куәсі болдым. Студенттер жерге түкіреді. Жеген тамақтың сыртын, сусынның құтысын лақтырып кете салады. Күнде таңертең сол жерді әкелеріндей кісі жинайды. Ең жаманы студенттердің түкірігін басып жүргеніміз! Осы шаруаны қолға алсаңыздар! Егер олай болмаса, сурет/видеоға түсіріп тиісті жерге арыздануға толық құқығым бар екенін ескертемін. Тәрбие жұмыстарын жүргізіп, қоғамдық орында түкіруге болмайтынын қатаң ескертіңіздер, жазалау шарасын қолданыңыздар. Оған дәлел камералардан қарасаңыздар да табасыздар.",1,Международный инженерно-технологический университет,4.5,742
Баянсұлу Тоқсанбаева,"10 сентября 2024, отредактирован","Колледжде Қараней Данагүл апай өте жақсы куратор. Бізді түсіне алатын, түсіністікпен қарайтын апай. Өзінің кураторлық қызметін жетік орындайды. Ең күшті куратор",4,Международный инженерно-технологический университет,4.5,742
Кошалиева Шынар,3 сентября 2024,"Жатақханаға орналастыру мамандары ӨТЕ НАШАР, жауапкершілік деген жоқ, айтқан сөздерін мойындамайды, өтініш қалдырдық, студент барса сенің өтінішің жоқ дейді. Ол деген құжаттарға да өте ЖАУАПСЫЗ қарайды дегенді білдіреді.

Жастар саясаты департаментінің басшысы Ақнұр Талғатбековна жауапсыздық танытқансын, балық басынан шіриді деген сөз еріксіз еске түседі екен.

Өтініш жазыңыз, қалған документтерді электронды жіберсеңіз болады деді. Кеше барса өтінішің жоқ дейді.Көпбалалы отбасы, жұмысбасты ата-анасы қайта қайта келе бере алмайды.

Түркістан облысы, Шардара ауданының студентті келе берсін деп шақырып алды.

Осындай жауапсыздықтың арқасында 1 курс студенті далада қалу не масқара.",1,Международный инженерно-технологический университет,4.5,742
Timur Babakulov,2 сентября 2024,"Худший университет, только и могу что зазывать абитуриентов с грантом от 50 баллов, должен был отчислишься с университета, футболят в течений 4 часов, не смог найти коменданта общежития, не получил подписи должен видимо еще пару дней ездить, не советую этот университет к поступления",1,Международный инженерно-технологический университет,4.5,742
Ернур Ермек,28 августа 2024,👍🏻👍🏻👍🏻👍🏻👍🏻👍🏻👍🏻👍🏻👍🏻👍🏻,5,Международный инженерно-технологический университет,4.5,742
Aisa Leegai,15 апреля 2025,"Сколько можно терпеть эту вахтёршу в универе? Она реально ведёт себя, как будто главная охрана Кремля — орёт, делает бестoлковые замечания, цепляется ко всему. Такое ощущение, что ей либо заняться нечем, либо уже пора на пенсию. Уважения к студентам — ноль. Хочется просто прийти учиться, а не слушать истерики у входа.
Кажется, она забывает, что перед ней не школьники, а взрослые люди. Можно как-то повлиять на ситуацию? Потому что терпеть это каждый день уже сил нет.",1,Q University,4.4,266
Rufina Aslanova,"6 апреля 2025, отредактирован",Очень хороший колледж. Директор понравилась. Преподаватели все понравилось. Перевела сына в этот колледж с другого. Очень нравится,5,Q University,4.4,266
Нурсултан Рай,"3 апреля 2025, отредактирован",Не советую персонал грубый 403 кабинет особенно,1,Q University,4.4,266
Әділет Марат,"19 марта 2025, отредактирован","Студенттердің көбісі сабаққа бармайды, дәл осы жерде оқитындардың. Аты бар, заты жоқ далбаса. Мүлдем жауып тастау керек! Білімді кәсіп қылып отырған қойыртпақ. Бір жұлдыз қою жалко даже, просто пікір жарияланбайды.",1,Q University,4.4,266
Адияр Суиндык,"9 марта 2025, отредактирован",Невоспитанные и не культурные преподаватели. Много чего себе позволяют. Коррупция. Одним словам не советую вообще,1,Q University,4.4,266
Medeu,22 февраля 2025,"Преподы неграмотные ,сотрудники не компетентные, как вообще держится?",1,Q University,4.4,266
Adam 🐺,10 февраля 2025,На один раз пойдет,1,Q University,4.4,266
Қасым-Жомарт Тоқаев,"31 января 2025, отредактирован",👍🏻👍🏻👍🏻👍🏻👍🏻👍🏻👍🏻👍🏻👍🏻👍🏻👍🏻,5,Q University,4.4,266
Adilet abiken,"29 января 2025, отредактирован",Фигня полная,1,Q University,4.4,266
Aigerim Sayatkyzy,16 января 2025,лучший университет,5,Q University,4.4,266
Ayа 💙,"16 января 2025, отредактирован",Самый лучший университет😍,5,Q University,4.4,266
Гулзат _,"16 января 2025, отредактирован",Лучший университет,5,Q University,4.4,266
Ари Ахмедуллаев,16 января 2025,әдемі универ,5,Q University,4.4,266
. .,16 января 2025,"Очень классное учебное заведение!!
Я рекомендую сюда поступать, тут много возможностей, тут также есть скидки для учебы, всем советую сюда поступать!",5,Q University,4.4,266
Nazerke Turgunbai,16 января 2025,Классно 😀😀😀😀,5,Q University,4.4,266
Aë Zheksentay,"30 декабря 2024, отредактирован","Это не учебное завидение, это пи”дес. Не поступайте",1,Q University,4.4,266
Akerke Zhumaeva,7 декабря 2024,"Уровень преподавания оставляет желать лучшего, а отношение к студентам просто отвратительное. Поступление сюда стало одной из самых больших ошибок в моей жизни. Впустую потраченные время, нервы и деньги. Рассмотрите альтернативы, этот университет совсем не стоит вашего внимания. Рада, что вовремя поняла, куда попала, и решила уйти уже после первого семестра.",1,Q University,4.4,266
jasmine kassen,"6 декабря 2024, отредактирован",хамы одни работают.,1,Q University,4.4,266
Мариям Кожахмет,"25 ноября 2024, отредактирован","Это не университет, а просто помойка и развод!
Кайнар - это самый настоящий лохо-трон, где продают дипломы, а не дают образование! Тут даже не пытаются учить — просто выкачивают деньги с тех, кто готов купить себе бумажку.
Преподаватели - полный отстой, видимо, собрали всех неадекватных и некомпетентных людей, потому что настоящие специалисты сюда и не подойдут. Это место для тех, кто просто не хочет учиться, а ищет легкий способ получить диплом. Всё, что здесь происходит - полная фальшивка, реклама - очередная ложь, чтобы заманить людей. Негативные отзывы чистят, чтобы скрыть правду.
Если не хотите зря выбрасывать деньги и время — обходите этот ""университет"" за километр! Этот университет - просто полный развод, не верьте ни одному положи-тельному отзыву!
Кайнар - это просто мошенничество на полном серьезе! Все положительные отзывы — это накачанные неудачники те, кто работает на рейтинг, чтобы скрыть правду",1,Q University,4.4,266
Коренной Алматинец,20 ноября 2024,Не дают посидеть на первом этаже во время окошки🤨,1,Q University,4.4,266
Gggg Gggggg,17 ноября 2024,"Оқуға түсуге кеңес бермеймін, жұмыстарын уақтылы орындап түсіндірме жұмысы жүргізілмейді.",1,Q University,4.4,266
Aidos Shakim,15 ноября 2024,Хорошая самса,5,Q University,4.4,266
ㅤㅤㅤㅤㅤㅤㅤㅤㅤ ㅤㅤㅤㅤㅤㅤㅤㅤㅤ,5 ноября 2024,ㅤㅤㅤㅤㅤㅤㅤㅤㅤㅤㅤㅤㅤㅤㅤㅤㅤㅤㅤㅤㅤ,5,Q University,4.4,266
Nurlan ;),15 октября 2024,Адок топ ахахах,5,Q University,4.4,266
사람 학센,"11 октября 2024, отредактирован","К своему прошлому отзыву добавлю.
На данный момент 10.10.2024 по моей специальности нет расписания ВСЕ ЭТО ВРЕМЯ мне говорили,что, как получу пароль от платонуса буду учиться дистанционно. Сейчас же пишут,что дистанционного обучения у них нет когда я поступала говорила,что буду учиться дистанционно и писала даже заявление которое они сами и попросили. Так же все с кем могу связаться ведут себя непрофессионально Вообщем ответственным студентам которым не плевать на свое будущее сюда лучше не поступать.
Взрослые люди работают, а работать так и не научились.
Но к преподавателям вопросов нет, хорошие но увы в платонус ничего не отправляют.",1,Q University,4.4,266
Бобо Бобо,"6 октября 2024, отредактирован",💩💩💩💩💩💩💩💩💩💩💩💩💩💩💩💩💩💩💩💩💩💩💩💩💩💩💩💩💩,1,Q University,4.4,266
Алина Кулжабаева,19 сентября 2024,Негізгі таза іші әдемі университет екен🥰😍адамдарды тартып тұратын просто маған өте алыс жолы,5,Q University,4.4,266
Dimash Yerzhanov,5 сентября 2024,Крутой!!! Аура +10000,5,Q University,4.4,266
Камшат Турманова,4 сентября 2024,Один из ТОПовых ВУЗов в Казахстане🔥🔥🔥🔥,5,Q University,4.4,266
Adilet BRO,10 июля 2024,Super universitet. Mne nravitsya. Rekomenduyu )),5,Q University,4.4,266
Серік Шаекеев,29 мая 2024,"Классный университет, много инноваций. Дети будут тут учиться 👍",5,Q University,4.4,266
Хамзат Чимаев,"18 марта 2024, отредактирован",You super 👌,5,Q University,4.4,266
Aman Asqaruli,16 февраля 2024,Керемет Оку орны 👍🏿👍🏿,5,Q University,4.4,266
Dinmukhammed Yerzhanov,"30 января 2024, отредактирован",나는 매우 행복하다.,5,Q University,4.4,266
Серик Серик,"22 декабря 2023, отредактирован","Академия нравится, хороший преподавательский состав",5,Q University,4.4,266
Аделя :3,2 октября 2023,"До этого я училась в Казахском университете международных отношений имени Абылай хана, но благополучно отчислилась) В кайнар поступила на психолога. Цена обучения очень низкая, но учителя с большим стажем, чуткие, понимающие. Атмосфера очень дружная. Могу смело посоветовать поступать сюда!",5,Q University,4.4,266
Sayid Libra,"27 сентября 2023, отредактирован","Приехал на зарядку электрокара, выставили ценник на зарядку 1500 тг час, умники)",3,Q University,4.4,266
Ерсін Ескелді,27 сентября 2023,нивигова все курят 👍🏻☺️,5,Q University,4.4,266
Nagima Kuzenbaeva,24 августа 2023,Негативные отзывы оставляют неудачники,5,Q University,4.4,266
Hinata Nori,25 июня 2023,Слава богу что я забрала документы после 1 дня обучения. Разве нормальные учебные заведения расположены в зданий бизнес центра? Когда я зашла туда у меня было такое чувство будто я попала в какой-то офис но не в универ! Чтобы зайти в кабинет нужно пройти через балкон!,1,Q University,4.4,266
Р К,11 июня 2023,Легендарный университет. Учился когда он ещё был на Сатпаева.,5,Q University,4.4,266
Жансая Тұрысбекқызы,16 марта 2023,самый лучший универ,5,Q University,4.4,266
Aidana Makhambet,"сегодня, отредактирован","Менің рухымның Отаны, махаббатымның мекені🥰",5,Казахский национальный университет им. аль-Фараби,4.5,5833
Aika Tanabaeva,сегодня,Все отлично работает,5,Казахский национальный университет им. аль-Фараби,4.5,5833
Гульназ Абдуллаева,"15 апреля 2025, отредактирован",Я тест сдала🥰,5,Казахский национальный университет им. аль-Фараби,4.5,5833
Aiaru Kairatkyzy,15 апреля 2025,тамаша,5,Казахский национальный университет им. аль-Фараби,4.5,5833
Frank Sgnidniw,14 апреля 2025,"Пока я там шел ногу сломал, в палатке переночевал, с волками дрался, капец прям",5,Казахский национальный университет им. аль-Фараби,4.5,5833
aidarkylovaa’s1 b,11 апреля 2025,"С детства я мечтала поступить в этот университет, ведь здесь учился мой отец — умный, образованный человек, которым я всегда гордилась.
Он был для меня примером, и я хотела пойти по его стопам.
Этот университет всегда выделялся своим высоким уровнем образования, сильной академической базой и особой атмосферой.
Здесь воспитываются настоящие профессионалы, развиваются научные идеи, и каждому даётся возможность раскрыть свой потенциал.
Здесь уважают стремление к знаниям, поддерживают инициативу и вдохновляют на рост.
И хотя со временем мои мечты полностью изменились но душа всё равно тянется именно сюда.
Я всегда буду обожать этот университет, ведь он занимает особое место в сердце
❤️
Если вы хотите поступить в этот университет — не сомневайтесь. Идите к своей цели, даже если будет трудно. Не слушайте тех, кто не верит в вас. Главное — верьте в себя
Всё возможно!
Осуществляйте свои мечты, верьте в себя!❤️",5,Казахский национальный университет им. аль-Фараби,4.5,5833
Arailym Batyrbai,"11 апреля 2025, отредактирован",Лучший универ в кз,5,Казахский национальный университет им. аль-Фараби,4.5,5833
Қанат Дуйсенбаев,11 апреля 2025,Педагог аттестация қай жерде өтеді,5,Казахский национальный университет им. аль-Фараби,4.5,5833
Adilet Ramazan,10 апреля 2025,💼,4,Казахский национальный университет им. аль-Фараби,4.5,5833
Саят Толеуханов,8 апреля 2025,Супер,5,Казахский национальный университет им. аль-Фараби,4.5,5833
Диас Канабеков,"7 апреля 2025, отредактирован","Жаным, Казгу! Кезінде арман болып еді, арман орындалып, аман-есен бітіріп шықтық. Жастық шақ, керемет жайма шуақ күндер, қызу дайындық, керемет мұғалімдер, керемет жерде орналасуы, көркем табиғатқа көрініс...❤",5,Казахский национальный университет им. аль-Фараби,4.5,5833
Алихан ㅤㅤ,7 апреля 2025,Нет питьевого фонтанчика,1,Казахский национальный университет им. аль-Фараби,4.5,5833
Gulnur Kamalova,"7 апреля 2025, отредактирован",Самый известный университет Алматы и Казахстана! Приезжала сдавать ОЗП тестирование- внешний вид университетского городка просто супер! Все здесь для комфортного обучения для студентов!,5,Казахский национальный университет им. аль-Фараби,4.5,5833
Aikosh,"4 апреля 2025, отредактирован",Зор,5,Казахский национальный университет им. аль-Фараби,4.5,5833
aray o,4 апреля 2025,"ент тапсыруга баргам
уборнаясы болеккой😍",1,Казахский национальный университет им. аль-Фараби,4.5,5833
ezhик 🦔,3 апреля 2025,алдында 1-2 бала голый жүргіріп жүр еді ғой,1,Казахский национальный университет им. аль-Фараби,4.5,5833
Гулбану Руслановна,"3 апреля 2025, отредактирован",😍,5,Казахский национальный университет им. аль-Фараби,4.5,5833
?????? ???????,"2 апреля 2025, отредактирован",Мой любимый КазНУ❤️ в самое сердце.,5,Казахский национальный университет им. аль-Фараби,4.5,5833
Ислам Мұхамет,2 апреля 2025,Достар быреудын пропускын тауып алдым кай дерге акеп тастасам болады,5,Казахский национальный университет им. аль-Фараби,4.5,5833
Shadd S,"1 апреля 2025, отредактирован",Клево тут,5,Казахский национальный университет им. аль-Фараби,4.5,5833
Диас Алимакын,"31 марта 2025, отредактирован",ҰТО Құдай жазаңды берсін🤬🤬,1,Казахский национальный университет им. аль-Фараби,4.5,5833
Оркен .,31 марта 2025,возьмите на учебу за 5 звезд,5,Казахский национальный университет им. аль-Фараби,4.5,5833
Жансая Бексултанова,"31 марта 2025, отредактирован",Ең керемет университет !,5,Казахский национальный университет им. аль-Фараби,4.5,5833
askvzss 4,"30 марта 2025, отредактирован",Индустар оте коп 🥲🥲,5,Казахский национальный университет им. аль-Фараби,4.5,5833
d denissa,28 марта 2025,жесткая травма из за ент,3,Казахский национальный университет им. аль-Фараби,4.5,5833
Moor Moor,"28 марта 2025, отредактирован","Реально оқығысы келетін жастар КазНУға түспеңдер!80% преподтар білімсіз,слайд пен реферат өткізсең болды главное олар үшін,қалағаны маңызды емес.Квалифицированный преподттар өте аз!За деньги и за красивые глазки любой баллыңды қойып беред 👍🏻 Оқымаймын чисто 4 жылымды құртқым келеді десең түс , а так Нархоз,UIB,KBTU,KazGasa соларға түсіңдер болашақ керек болса.Спецқа қарай көресіңдер гой өздерің.КазНУ шарага полный.Гүлжанат Амангельдиевана ең нашар препод💆🏻‍♀️",1,Казахский национальный университет им. аль-Фараби,4.5,5833
Нурали Махан,27 марта 2025,Круто красиво,5,Казахский национальный университет им. аль-Фараби,4.5,5833
Kurmet Zhomart,26 марта 2025,Болашақ универім ғо,5,Казахский национальный университет им. аль-Фараби,4.5,5833
Анель Енсебаева,"25 марта 2025, отредактирован","Один из вузов Казахстана, который оставил свой след в жизни каждого ученого юриста)))) удачи Казну!!!!",5,Казахский национальный университет им. аль-Фараби,4.5,5833
Ilshat Zhamal,25 марта 2025,Ент тапсыратын жер малғылып қадады,1,Казахский национальный университет им. аль-Фараби,4.5,5833
Elena A,"25 марта 2025, отредактирован","Окончила здесь магистратуру по гранту, очень рада.",5,Казахский национальный университет им. аль-Фараби,4.5,5833
Ерасыл Ораз,"24 марта 2025, отредактирован",Немепале ұзыыыыыыыыын ғо КазГаса лучше,1,Казахский национальный университет им. аль-Фараби,4.5,5833
Шакизад Рахменшеев,"23 марта 2025, отредактирован",Я там учусь,5,Казахский национальный университет им. аль-Фараби,4.5,5833
Tima Virodus,"22 марта 2025, отредактирован","Первая ошибка, ошибка всей жизни",5,Казахский национальный университет им. аль-Фараби,4.5,5833
Мади Кумисбай,"22 марта 2025, отредактирован",Онша емес ооооооооооооооооооггг,1,Казахский национальный университет им. аль-Фараби,4.5,5833
Amina Adilovа,"20 марта 2025, отредактирован",конкурстан отпей калдым👎🏼👎🏼,1,Казахский национальный университет им. аль-Фараби,4.5,5833
DiBi Profile,"20 марта 2025, отредактирован",Аз балл алдым убтдан,1,Казахский национальный университет им. аль-Фараби,4.5,5833
Жасулан Нурадил,"20 марта 2025, отредактирован",Вайб студ городка,5,Казахский национальный университет им. аль-Фараби,4.5,5833
Alisher Seitkerim,20 марта 2025,Ент плохо сдал,1,Казахский национальный университет им. аль-Фараби,4.5,5833
foxnr,"20 марта 2025, отредактирован",Охраналары д*лбаебтаума ишине киргизбей койды еще именно менин таксиимди общагка дейин жаяу бардым бирак юаскаларын киргизип,1,Казахский национальный университет им. аль-Фараби,4.5,5833
Аяу🐸 🐸,"19 марта 2025, отредактирован","Базар жоқ күшті,бірақ ашшш тест тапсыруға баратын жер алыссс кой😿",4,Казахский национальный университет им. аль-Фараби,4.5,5833
Damir Легавый,"18 марта 2025, отредактирован",шарага,5,Казахский национальный университет им. аль-Фараби,4.5,5833
AbduGhani Dzhamburbaev,"18 марта 2025, отредактирован","Учусь здесь, снаружи очень красивый и перспективный уник, но вот внутри не проработано, плюсом эта коррупционная система это ужас просто",3,Казахский национальный университет им. аль-Фараби,4.5,5833
Инкар Бектурсын,18 марта 2025,"Ужасные операторы әрең жауап береді ещё осы бойыншы сурагым бар десем ошіріп тастайды 2-3 солай істеді ,казір оператормен байланыстырам деп ошіріп тастады что за беспредел🙂‍↕️",1,Казахский национальный университет им. аль-Фараби,4.5,5833
Yedige mclovin,"17 марта 2025, отредактирован",hueта 😘,1,Казахский национальный университет им. аль-Фараби,4.5,5833
Нурда Нурда,"16 марта 2025, отредактирован",Good,1,Казахский национальный университет им. аль-Фараби,4.5,5833
Nurhuha1 🚨,"14 марта 2025, отредактирован",Ент аз алып калдым,1,Казахский национальный университет им. аль-Фараби,4.5,5833
meiir ⠀,"14 марта 2025, отредактирован",самый лучший ищ лучших🔥,5,Казахский национальный университет им. аль-Фараби,4.5,5833
Лиза 😻,13 марта 2025,"Сдавала там ЕНТ. Университет просто ужас, туалеты ужасно грязные, двери в них не закрывается, воняет нереально. Да и пока пыталась сосредотачиваться на заданиях, рядом со мной за какой-то ширмой то чайник кипел, то микроволновка пикала, то еще что-то.",1,Казахский национальный университет им. аль-Фараби,4.5,5833
Жаниель Адилхан,13 марта 2025,Университет очень даже хороши,4,Казахский национальный университет им. аль-Фараби,4.5,5833
Адема Асылханова,"14 апреля 2025, отредактирован",Пойдет,5,Университет международного бизнеса им. Кенжегали Сагадиева,4.4,1995
Ayaulym Eleukhankyzy,"12 апреля 2025, отредактирован",красиво,5,Университет международного бизнеса им. Кенжегали Сагадиева,4.4,1995
Akkundyz🫧 Kusmankyzy,"12 апреля 2025, отредактирован","капееец күшті универ,түскім келеді осы жаққа🥹
бүгін тест тапсыруға келдік очччень классно
организация күшті прям😍😍",5,Университет международного бизнеса им. Кенжегали Сагадиева,4.4,1995
Яляня Гав,"12 апреля 2025, отредактирован",Моча литвина срочно А4 макан чтоооо Кобяков огурчекр дверь самолёт шкебедходы,5,Университет международного бизнеса им. Кенжегали Сагадиева,4.4,1995
akerke .,"10 апреля 2025, отредактирован",Было очень круто и сам уник топ🔥🔥🔥🔥🔥🔥🔥,5,Университет международного бизнеса им. Кенжегали Сагадиева,4.4,1995
Aiym Sabyrtai,"8 апреля 2025, отредактирован",ну так себе…,3,Университет международного бизнеса им. Кенжегали Сагадиева,4.4,1995
Таир ~,6 апреля 2025,Танцпол отстой,4,Университет международного бизнеса им. Кенжегали Сагадиева,4.4,1995
Екатерина Рожкова,"6 апреля 2025, отредактирован","Атмосфера спокойствия, студенты и учащиеся и гости заходят в здание с ощущением как домой- уютно, чисто, продуманы учебные аудитории. Желание поступить и учиться здесь появляется сразу 🙂",5,Университет международного бизнеса им. Кенжегали Сагадиева,4.4,1995
Assel Dauletbakova,4 апреля 2025,"Я училась в этом университете и до сих пор его люблю! Спасибо Кенжегали Абеновичу Сагадиеву что в свое время открыл такой вуз!
Я не смогла поступить в магистратуру сюда же, т.к выбрала Академию Президента РК и закончила там магистратуру.
Про UIB хочу сказать о сильном кадровом составе.",5,Университет международного бизнеса им. Кенжегали Сагадиева,4.4,1995
Махамбет Рахимов,"4 апреля 2025, отредактирован",👍👍👍👍👍,5,Университет международного бизнеса им. Кенжегали Сагадиева,4.4,1995
Саид Надыров,"2 апреля 2025, отредактирован",Шарага,1,Университет международного бизнеса им. Кенжегали Сагадиева,4.4,1995
Shadd S,"1 апреля 2025, отредактирован",Классная библиотека и зона отдыха,5,Университет международного бизнеса им. Кенжегали Сагадиева,4.4,1995
Канат Арманович,"1 апреля 2025, отредактирован",Подумайте о своем будущем не поступайте сюда никогда !,1,Университет международного бизнеса им. Кенжегали Сагадиева,4.4,1995
Asi A,28 марта 2025,Жансая самая лучшая работница 😍😍,5,Университет международного бизнеса им. Кенжегали Сагадиева,4.4,1995
Бешбармақтың Жанкүйері,"28 марта 2025, отредактирован","Удобное местоположение, все рядом🫰🏻",5,Университет международного бизнеса им. Кенжегали Сагадиева,4.4,1995
Anelya Nussipzhan,27 марта 2025,❤️,5,Университет международного бизнеса им. Кенжегали Сагадиева,4.4,1995
Манзура Камал,26 марта 2025,Я тут учился,1,Университет международного бизнеса им. Кенжегали Сагадиева,4.4,1995
Мерген Канафин,26 марта 2025,Всё,5,Университет международного бизнеса им. Кенжегали Сагадиева,4.4,1995
Алекс Ширай,"25 марта 2025, отредактирован",Что я тут делал... 🤔,5,Университет международного бизнеса им. Кенжегали Сагадиева,4.4,1995
Ademay Gaon’s wife🩷,"14 марта 2025, отредактирован",Люблю этот универ даже за минусы,5,Университет международного бизнеса им. Кенжегали Сагадиева,4.4,1995
vqwrldd,"13 марта 2025, отредактирован","уник фигня, образование слабое, неуважение и некомпетентность персонала, а также со стороны некоторых преподавателей, в медпункте посадили необразованного грубияна, который кроме базовых лекарств больше ничего не может предложить. администрация в 103/104 неуважительно относятся к первому курсу, что говорит о недоброжелательном отношении к студентам (особенно к первому курсу)",1,Университет международного бизнеса им. Кенжегали Сагадиева,4.4,1995
Нурсултан Исламбеков,"11 марта 2025, отредактирован","Универ, в котором учится красавица. Только за это 4.",4,Университет международного бизнеса им. Кенжегали Сагадиева,4.4,1995
Aaa🪐 Hhhh,"8 марта 2025, отредактирован",Онша емесzz,1,Университет международного бизнеса им. Кенжегали Сагадиева,4.4,1995
Zhanna Mukanova,"8 марта 2025, отредактирован","Один из худших вузов. Не профессионализм преподавательского состава, некомпентентность ректора и директоров департаментов. В этом вузе процветает буллинг по национальному признаку. Заманить детей грантами, довести до болезни, подвергать постоянному буллингу, унижать, оскорблять, говорить, что диагноз не серьезный, и в итоге платите деньги. Самый ужасный вуз во всех смыслах! Родители, пожалейте детей, не отдавайте своих детей учиться в этот вуз. Кураторы, которые видят детей за весь семестр по 1-2 раза, бьют себя в грудь, утверждая, что общаются с детьми и знают. В 104/103 кабинеты непонятные работники, не знающие ответы на вопросы. Сотрудницы бухгалтерии, которые настолько хорошо насидели свои 5-е точки еле передвигаются. По медику плачет проверка, на проф.пригодность. Такое ощущение, что у человека липовый диплом. Ну а ректор и директор департамента, это вообще нечто. Люди не понимающие, не принимающие ничего, но бьющие себя в грудь, доказывающие свою правоту. И да, за прессинг моего ребенка, этот вуз будет отвечать! Я этого так не оставлю. Вас ждет громкий суд, с привлечением СМИ, блогеров, буду инициировать проверки работы вашего вуза всеми структурами.",1,Университет международного бизнеса им. Кенжегали Сагадиева,4.4,1995
Serik Adzhibaev,"7 марта 2025, отредактирован","Бухгалтерию надо проверить что ли,отношение к студентам очень неуважительно.И я одну вещь не понимаю,даже если я оплатил за учебу почему в академо выходят пения??? Говорят это из-за банка но причем здесь мы?? Это не наша проблема!!! Лишь бы деньги взять а не давать хорошое образование студентам и решить эту проблему.",1,Университет международного бизнеса им. Кенжегали Сагадиева,4.4,1995
Adham Abdurahmanov,5 марта 2025,Хороший университет лучшие преподаватели 👍,5,Университет международного бизнеса им. Кенжегали Сагадиева,4.4,1995
Zitr 7,"3 марта 2025, отредактирован","Баха Арметов тигр, душ хороший",5,Университет международного бизнеса им. Кенжегали Сагадиева,4.4,1995
Batyr Usten,"1 марта 2025, отредактирован",Хочу поступить суда,5,Университет международного бизнеса им. Кенжегали Сагадиева,4.4,1995
Самир Арджиманов,"24 февраля 2025, отредактирован","Учусь здесь на гранте, в целом к самому обучению вопросов вроде нет, материал свежый и тд хотя я сильно не углублялся в эту тему. Университет маленький что для меня лично плюс. Постоянно какие-то мероприятия, люди очень добрые и отзывчивые. Некоторые преподаватели прям очень хорошо учат, за 1 семестр в университете я узнал больше про казахский язык чем за 11 лет в школе(спасибо Айман апай). Администрация не очень порадовала, постоянные разговоры о том что они всегда помогут, но по факту они мало какие вопросы решают, и эта проблема не только у меня но и у моих друзей. В этом плане спасибо молодой администрации они больше вовлечены в проблемы студентов и по сути помогают чаще всего они. Особенно рекомендую университет тем кто учится только для галочки(но и тем кто учится для образования тоже по причинам написанным в начале) и ищет маленький университет(чтобы можно было банально легче по нему ходить) который находится рядом с метро, некоторыми развлекательными центрами, ресторанами и с хорошими людьми. Иногда бывали проблемы с Moodle или типа того из-за чего в первое время я не очень понимал какие домашние задания и мои оценки чутка упали, но сейчас вроде всё норм. Мне не понравился подход к физкультуре, могут отчислить из-за предмета который не связан с науками ради которых я и шел в университет.

Вообщем-то минусы у университета есть также как и плюсы. Опять же если вы учитесь не для галочки, а чтобы поступить на работу где смотрят какой университет вы закончили я бы присмотрелся к другим вариантам. Ну а если вы ходите в университет для того для чего университеты предназначены(получение образования, чтобы действительно стать умнее, возможно не для работы или диплома, но просто для себя, а не просто сидеть и заучивать то что вы не хотите учить) то пожалуй UIB может научить тому-же что и другие университеты.",3,Университет международного бизнеса им. Кенжегали Сагадиева,4.4,1995
Xenia 💋,"22 февраля 2025, отредактирован","поступила на магистратуру. теперь начнем с самого начала. почему приемная комиссия это дети 1го курса? когда они начали говорить про магистратуру, цитирую «ну, у вас в конце будет ну этот, типа дипломки но это не дипломная работа» Это называется диссертацией. 2й момент, нам без выбора просто пихнули любой иностранный язык, хотя, я надеялась на выбор что продолжу учить тот язык, который я изучала на бакалавриате🤦‍♀️ 3ц момент, я подавалась на казахское отделение т.к. предметы по типу психология, педагогика мне понятней учить на казахском. итог: мы все в русском отделении.
организованности в этом унике 0. всем лишь бы нажиться на денюжках😍 идешь с проблемой, тебя не выслушают и просто скажут скатертью дорога. в общем, очень жалею что поступила сюда, за такие деньги лучше поступить в другой универ и платить действительно за ЧТО-ТО.
и все пытаются учить тебя жизни😂 ваших советов никто не спрашивал. один преподаватель вообще говорил чтобы мы после работы не приходили на пары уставшими и не зевали на уроке. к магистрантам они вовсе не лояльны, хотя я слышала совсем другое. +ставят ультиматум, будто они будут платить за кв, еду, коммуналку, кредиты, расходы и т.д. в январе, когда было сильное землетрясение, уник отменил пары а нам преподаватель сказала , нет, вы придете на пары🤣 здесь оказывается и умереть можно если вдруг что. не советую сюда поступать!!!",1,Университет международного бизнеса им. Кенжегали Сагадиева,4.4,1995
Арехус Негрус,"19 февраля 2025, отредактирован",Нормально,3,Университет международного бизнеса им. Кенжегали Сагадиева,4.4,1995
Пользователь Тугис,18 февраля 2025,"Не скажу плохо насчет универа, но сайт делал явно 47-хромосомный, додумался же писать белым по светлому 🗿",4,Университет международного бизнеса им. Кенжегали Сагадиева,4.4,1995
aeka moldasheva,"18 февраля 2025, отредактирован","платим столько бабла, а толку то??
лучше не пожалеть на образование и доплатив обучаться в ВУЗ-ах получше.
что администрация, что куратор всем абсолютно плевать что у студентов что-то не так, спрашиваешь у куратора, автоматически перенаправляет в 104 каб., вот честно, что угодно спросите - ответ один: «здравствуйте, в 104каб». ладно если б в этом 104 что то решили, там сидят глазами хлопают и направят еще кое куда, ради одной ерунды потом столько бегать приходится. насчет заявлений на пересдачи, их вообще принимают? или после того как написали сразу выбрасывают? довольно уважительные причины тоже отказывают. в общем никогда не понимала и наверное не пойму администрация нашего прекрасного зеленого домика. что насчет студентов, да, разумеется тут учатся прекрасные люди с открытой душой, но не стоит забывать про людей которые поливают грязью друг друга за спиной, очень много завистливых, лицемерных и язвительных клеветников.
почему приемная комиссия это перваши, неужели нельзя подобрать более квалифицированных специалистов?
если отбросить эти факторы, то да, я действительно считаю что тут более менее хорошее образование, учусь на ОП международные отношения и дипломатия, вроде все норм…",2,Университет международного бизнеса им. Кенжегали Сагадиева,4.4,1995
Амир Ярмахамбетов,12 февраля 2025,"Садыкова Жанар Ертаевна это лучшее, что есть в этом универе.",5,Университет международного бизнеса им. Кенжегали Сагадиева,4.4,1995
Kamil’ Bayramov,"11 февраля 2025, отредактирован",Дали поспать на лекции 10/10👍👏👏💪👍🥹🥹🥹🥹🥹🥹🥹,5,Университет международного бизнеса им. Кенжегали Сагадиева,4.4,1995
Masyonyaa 12,10 февраля 2025,"Все ужасно в этом универе! особенно администрация когда приходишь с проблемами они говорят ""нас не волнует"" ""не наши проблемы"" а когда приходишь отчислятся они с грустным голосом спрашивают ПАЧЕМУ😭😭😭😭😭 НЕ УХАДИ ПА БРАТСКИ",1,Университет международного бизнеса им. Кенжегали Сагадиева,4.4,1995
Radmila Arkinova,"8 февраля 2025, отредактирован","Обновите весь персонал, начиная от охранников и преподавателей до администрации!
Этот университет просто кричит о тотальном непрофессионализме!
С самого входа вас встречают вечно недовольные, хамоватые охранники, будто студенты здесь — нежеланные гости, а не люди, которые оплачивают свое обучение.
Преподавателей единицы, кто действительно грамотный — можно выделить от силы 2-3 человека. Остальные либо не умеют донести материал, либо считают, что их задача — завалить как можно больше студентов.
Обращение в администрацию — это отдельный квест на выживание.
— Заходишь с улыбкой, надеясь на помощь — в ответ получаешь хамство и оценивающий взгляд.
— Объясняешь проблему — тебя либо перебивают, либо вообще игнорируют.
— Если вы что-то хотите от куратора или администрации, забудьте, вам никто не поможет.
И даже во время сессии — полный беспредел. Проверяющая просто вырвала у меня лист прямо из рук, потому что сама не подошла и не удостоверилась, что я это я.
Оказывается, студенты здесь должны сидеть и ждать, пока кто-то соизволит выполнить свою работу.
Если у вас возникнет хоть одна проблема — вам просто скажут «идите отсюда» и закроют перед вами дверь.
Администрация этого универа даже минимальной поддержки студентам оказать не может.",1,Университет международного бизнеса им. Кенжегали Сагадиева,4.4,1995
Кәрім Амандықұлы,2 февраля 2025,Современной универ с добрыми людьми,5,Университет международного бизнеса им. Кенжегали Сагадиева,4.4,1995
Ratmir Charnutsky,31 января 2025,"Тема тема, на курилке получился, Ёж из бычков😂",5,Университет международного бизнеса им. Кенжегали Сагадиева,4.4,1995
Карина Оспанова,26 января 2025,"Уважаемая администрация, пожалуйста, решите все проблемы с расписанием, а также с учебными порталами. Неужели за 21 день каникул невозможно было все подготовить для комфортного обучения студентов. Также прошу, сделайте уже всем ОНАЙ и айди карты, или зачем тогда все это нужно, если все эти аспекты не налажены? Выполняйте свою работу по совести и в полном объеме, убедительная просьба.",1,Университет международного бизнеса им. Кенжегали Сагадиева,4.4,1995
Sandugash Tastanbekova,"22 января 2025, отредактирован",Уровень отношений,5,Университет международного бизнеса им. Кенжегали Сагадиева,4.4,1995
Yalkunzhan Abdukarimov,"22 января 2025, отредактирован",В данный момент я сам учусь. Получаю много практических знании в самом университете и в известных крупных компаниях на практиках. Благодарен за это университету)),5,Университет международного бизнеса им. Кенжегали Сагадиева,4.4,1995
s .,"21 января 2025, отредактирован",Студенты такие отзывчивые и позитивные,5,Университет международного бизнеса им. Кенжегали Сагадиева,4.4,1995
Akerke Serikova,"20 января 2025, отредактирован",Лучший университет😍,5,Университет международного бизнеса им. Кенжегали Сагадиева,4.4,1995
Ольга Бронч,"18 января 2025, отредактирован",Архитектура здания,5,Университет международного бизнеса им. Кенжегали Сагадиева,4.4,1995
ZZZ ZZZ,14 января 2025,"Университет привлекает заманчивым предложением и перспективами. По факту никто ничего не знает, элементарно дозвониться невозможно. Вопросов много, без ответов. Также студенты жалуются на пропускную систему, которая действительно усложняет а не упрощает доступ к ВУЗу. Объективно: сотрудники и преподаватели UIB всегда найдут повод или причину для взыскания оплаты чего нибудь со студентами. Найти и тем более дозвониться до ректора практически невозможно. Из нескольких номеров можно дозвониться на один, который переадресует вас в бесконечное ожидание без ответа. Прежде чем выбирать данный ВУЗ прошу внимательно подумать родителей своих детей и принять правильное решение с поступлением. Не факт что ваш ребёнок сможет закончить этот ВУЗ!!! Не рекомендуем!!!",1,Университет международного бизнеса им. Кенжегали Сагадиева,4.4,1995
Dastan Saken,11 января 2025,Спасибо сегодняшним студенткам,5,Университет международного бизнеса им. Кенжегали Сагадиева,4.4,1995
анёка кумыс,"5 января 2025, отредактирован","дорогие абитуриенты! выбирайте, пожалуйста, нормальный университет, и 1000 раз подумайте, прежде чем поступить в эту шарашкину контору!
Приемная комиссия обманет вас как только сможет. Что с работой можно совмещать - это вообще смешно. Каждый день разное неудобное расписание, ни туда ни сюда.
Администрация никогда не пойдет на уступки студентам, обращаются как со слугой, их ваши проблемы не интересуют! Только глаза закатят и скажут, мол, иди отсюда че ты от нас хочешь.
Задача каждого ""профессионала"" в этом горе-университете завалить вас, чтобы вы нахватались летников, и потом просто не могли перевестись! Ставят оценки по настроению, у каждого свои тараканы в голове. (Отдельное спасибо Гульнаре Маратовне, она действительно молодец!)
Что насчет внешнего вида - это просто тюряга! Идешь по узкому коридору, в котором пытаются пропихнуться 3000+- учеников, ремонта нет! Третий и цокольный этаж просто отвращение вызывают, как будто не в университете, а в дурке находишься!
Ну и конечно же самое ужасное здесь - это математичка Дальбекова. Такое ощущение, будто обижена на детей и терпеть их не может! Орет при объяснении материала, обделяет учеников, называет «двоечниками» и «летниками». Ничего человеческого, из-за нее давление поднимается только.
В общем, позор!",1,Университет международного бизнеса им. Кенжегали Сагадиева,4.4,1995
Сая Кенжегулова,"3 января 2025, отредактирован","Первый Бизнес ВУЗ Казахстана. Самый лучший ВУЗ, лучшие преподаватели, лучший коллектив, лучшие студенты. Качественное образование!!!",5,Университет международного бизнеса им. Кенжегали Сагадиева,4.4,1995
Safi A,31 декабря 2024,"Позорный Универ, вместе с позорной администрации. Случилось проблема, по которой преподаватель мне выставил за Вск 0 баллов, по его вине) он поздно выставил оценку. Пыталась разобраться с этим месяц! Все отправляли иди туда или туда. Дошла до директора. Это просто ужас, а не директор. В школах даже не общаются с тобой так, как общаются они тут. Сделали меня виноватой во всем, при ней признает учитель свою вину, но она продолжает делать меня виноватой и орет просто истерическим голосом. Я такое отношение вижу в первый раз в своей жизни, никто тебе тут даже вежливого слова не скажет, а общение директора со студентами меня просто шокировало) зато как деньги Брать так они напоминают чуть ли не каждый день об оплате, но как только столкнешься с какой-нибудь проблемой, они сделают обязательно тебя виноватой во всем. Это просто ужас. Некомпетентная администрация- залог лица вашего универа. Зато в начале все так описывают ярко этот универ. А тут просто бардак",1,Университет международного бизнеса им. Кенжегали Сагадиева,4.4,1995
Не указано,"14 января 2025, отредактирован","Я училась в АУЭСе. Благодаря своих преподавателей я нашла в себе любовь к науке. Спасибо что они познакомили меня с наукой, и жизней технарей🤍",5,Energo University,4.6,1323
Елизавета Енова,"8 апреля 2025, отредактирован","Грустно, лифта нет. Столовая огонь, она спасает ситуацию",3,Energo University,4.6,1323
Қажымуқан,"28 марта 2025, отредактирован","Бұл университетте сабақты жақсы көріп оқығаның соншалық,бір сабақты екі рет оқисың😍 оқу семестрда и жазда 💝",5,Energo University,4.6,1323
Rakhmet Rashiduly🦎,"27 марта 2025, отредактирован",Жаман емес,5,Energo University,4.6,1323
Ерсултан Баделхан,"25 марта 2025, отредактирован",Пачиму а блок лучше чем б,5,Energo University,4.6,1323
Bekjigit Tugelbaev,18 марта 2025,А У Э С,5,Energo University,4.6,1323
Nurshat Uteliyeva,"17 марта 2025, отредактирован",Мой любимый университет❤️✅,5,Energo University,4.6,1323
Crio Sheik,16 марта 2025,"Отзыв:

Университет вполне хороший, без лишней показухи. Администрация, деканаты и колледжи всегда внимательно и вежливо относятся к студентам, учитывая их мнения. Это создаёт атмосферу уважения и человечности. Те, кто пишет негативные отзывы, зачастую делают это без объективных причин. Стоит помнить, что университет — это не просто место получения диплома, а прежде всего образовательный процесс, где важно взаимодействие с преподавателями и администрацией. Для тех, кто хочет получить качественное образование, АУЭС — это отличное место. Пожелаю университету дальнейшего развития и процветания!",5,Energo University,4.6,1323
⠀Miras Rysqulbek,"14 марта 2025, отредактирован",.,5,Energo University,4.6,1323
Yerbolat Burkhan,"13 марта 2025, отредактирован",Енді сыртын істесе болды👍🏻,5,Energo University,4.6,1323
Orazbek Sadu,"11 марта 2025, отредактирован",Керемет оқу орны.,5,Energo University,4.6,1323
Наз 🌸,"7 марта 2025, отредактирован","Не понимаю людей которые пишут плохие отзывы, университет прекрасный, новый ремонт, делают все для удобства студентов. Руководство максимально близки со студентами, была на встрече в четверг, где Проректоры выслушивают все что тревожит студентов👍 всегда улучшают качество, с каждым днем все лучше и лучше 🔥",5,Energo University,4.6,1323
Bolatov ㅤ,"21 февраля 2025, отредактирован",norm,4,Energo University,4.6,1323
Rei Exp,20 февраля 2025,Наверное не плохо.,3,Energo University,4.6,1323
Amantay TORE,4 февраля 2025,Студенттік шағымыздың куәсі😍,5,Energo University,4.6,1323
Нуржан Ергалиев,3 февраля 2025,"Являюсь студентом 3-го курса этого Универа, по всем любым вопросам можете не обращаться(грубо говоря вас отфутболят) куда подальше, не решают задачи в поставленные вами и руководством дедлайны(то есть не выполняют обязательства со своей стороны) даже ситуацию со справкой решили проводить через несколько этапов тем самым усложняя работу и себе и нам студентам, не понимаю нововведения которые сейчас внедряют буквально с каждым днем, у всех кипит голова и у студентов и у руководства, в 22/23 уч год всё было нормально, все нормально учились, но решили сменить платформу, и пошло поехало, учиться стало намного сложнее не в учебе а в решении проблем либо же согласовании каких то моментов, я конечно не эксперт в этой области, но если тот человек который устанавливает эти законы рамки правила или что нибудь еще, попробует себя поставить на место студента, он грубо говоря будет в шоке, простой совет вам, да может вы скажете что я никто и тд. но и мнения студентов учитывать научиться вам надо, итак простой совет, не усложняйте систему пожалуйста, реально если вы не хотите чтоб и студенты перестали жаловаться и наконец учиться, также и касается преподавателей, все мы люди, и всем свойственно принимать простую информацию по решению проблем, надеюсь что вы услышали не только меня но и студентов всего вуза, пожалуйста примите решения🙏🏻",2,Energo University,4.6,1323
Eldos Bekturganov🪐,31 января 2025,Good university,5,Energo University,4.6,1323
Saya Baizakova,30 января 2025,Самый лучший вуз👍,5,Energo University,4.6,1323
Darkhan Sadykov,22 января 2025,"если сравнить с другими униками города, то АУЭС самый худший. Начиная с общаги, заканчивая преподавателями которые не знают свою дисциплину.",1,Energo University,4.6,1323
Жасмин Витковская,"17 января 2025, отредактирован","Арман қуып 11 класстан кейін Алматыға түсемін деп, АУЭС таңдаған едім. Бірақ, аса қатты ақпарат алмағанмын оқу орны туралы. Басында келгенде ожидание / рельность болғаным бар енді. Расында да мен түсетін 2022 жылы ремонт өте ескі болды, кабинеттері нашар, кейде қатты салқын, кейде қатты ыстық, көбіне условия болмады. Алайда, 2024 жылы универдің ішін кішігірім реттеді.
Оқу , білім жағына келетін болсақ, студенттердің 70-80% грант алсам болды деп түсе салғандар. Өзім Бизнеспроцесстерді автоматтандыру және басқару мамандығында оқимын. Яғни біздің группа бұл мамандықты ең алғаш меңгерген группа) әрине мамандыққа деген дайындық аз, әлі де мұғалімдердің өздері дұрыс білмейді. Бастапқы 3 жыл 90% автоматтандыру және басқарудың пәндерін оқып шықтық. Өте жақсы және құзыретті емес те мұғалімдер бар. Студенттің түріне, ұлтына қарап жақтыртпайтындар да бар( өзім өзге ұлттың өкілімін, басымнан өтті) личная неприязнь бола қалады. Сабақты қанша жақсы оқысанда, бағанды кемітіп қояды. Бірақ 4 жұлдызды АУ кафедрасының мұғалімдері үшін қоямын. 90% өте білікті, өз пәнін толық білетін оқытушылар.Оқысан, оқығаныңа сай қояды. Оқымасан,өзіңе лайықты бағаңды қояды. Негативный отзыв жазғандар,сабаққа бармай, оқымай допуск алғысы келетіндер ғой. Мұғалімдер өте көп жеңілдіктер жасайды. Біздің кафедрада оқыту үшін өте жақсы жаңдайлар жасалған. Яғни,лабораториялық кабинеттер,программалар,компьютерлер👍. Бірақ,кабинеттің аздығы кемшіліктердің бірі. Бір аудиторияда екі сабақ қатарынан болады жиі.
Сабақ кестесімен біршама проблемалар бар. Әрине бұл кабинеттердің жетіспеушілігінен болады.
Жалпы сабағынды оқып,ынталансан,бар жағдай бар.Сабақтан қиналып,жылап оқитынымызды жоққа шығармайм😅
Бірақ студенттердің контингенті онша қатты ұнамайды.
Тағы да бір ыңғайсыз жері,білім беру жүйесінің жыл сайын ауысуы.3 курс оқып отырм,3 жыл әртүрлі жүйемен оқып келеміз. Емтихан да,3 жыл бойы, 3 түрлі формат пен шарттарда өтті.бәреуіне үйренісе алмай жүргенде, екінші жүйеге резко ауысу бағаға қатты әсер етеді",4,Energo University,4.6,1323
Жазира,14 января 2025,"Алматинский университет энергетики и связи имени Гумарбека Даукеева, самый лучший университет в Казахстане. На протяжении 50 лет АУЭС выпускает высококвалифицированных специалистов в области энергетики, связи и IT технологий. Выпускники вуза работают и занимают руководящие должности в крупных компаниях. Поступайте в Energo University",5,Energo University,4.6,1323
Dastish fantastish,"11 января 2025, отредактирован",место которое заставит тебя начать работать),5,Energo University,4.6,1323
Azamat Adilkhanov,"9 января 2025, отредактирован","Универ мне понравился, хочется поступить туда",5,Energo University,4.6,1323
Lauriel,"27 декабря 2024, отредактирован","Лучший университет в Алматы!
Особенно радуют учащиеся в данном учебном заведении.
Из учителей хочется выделить Толеуову Багилу за её отношение к студентам и непредвзятое отношение.",5,Energo University,4.6,1323
Kawaleric,26 декабря 2024,Лучший университет,5,Energo University,4.6,1323
Yakov Krasnozhenov,12 декабря 2024,Классный колледж,5,Energo University,4.6,1323
Ерзат Алимбек,"12 декабря 2024, отредактирован",Добрые учителя,5,Energo University,4.6,1323
Timur Shaimurat,6 декабря 2024,Альма Матер,5,Energo University,4.6,1323
А. Т. А.,"3 декабря 2024, отредактирован","Это из за Стаса. (Кто не понял тот ""л0х"")",1,Energo University,4.6,1323
Nullus Est,28 ноября 2024,"Хочу просто сказать, самый лучший преподаватель по иностранному языку это Акбота Утепбергеновна. Дала очень хорошие знания по материалу, к таким преподавателям хочется идти на пары. Побольше бы таких каждому",5,Energo University,4.6,1323
Мадияр Маташев,"24 ноября 2024, отредактирован",Учусь здесь вроде все устраивает,5,Energo University,4.6,1323
Дарын Маралбек,"21 ноября 2024, отредактирован","Студенттермен жұмыс, жақсы қарым қатынас, барып жүрген, оқим деген студенттерге керемет универ бастысы аты бар👍👍",5,Energo University,4.6,1323
Юз 🦈,"16 ноября 2024, отредактирован","энергетикте оқитын 3-курс студенті Сұлтанғалиев Даулетті танитындар барма?
танысаңдар 8-707-121-39-28",5,Energo University,4.6,1323
Malika Im,"12 ноября 2024, отредактирован",Классное оформление! В подробности не влезала ),2,Energo University,4.6,1323
71 Nurlan Azamtuly,"12 ноября 2024, отредактирован",Өте керемет білім ордасы,5,Energo University,4.6,1323
Abuka 31,"12 ноября 2024, отредактирован","Хороший уник, люди не будьте глупыми, преподаватели строгие да они будут спрашивать то чему вас учили чтоб вы получили образование. Зачем вы читаете отзывы 2гис ? Об униках их пишут люди которые хотят все на халяву. Поймите колледж тоже отличный преподотели требовательные так как они вас учат чтоб вы могли достояно работать в дальнейшем, пришли сюда не учиться а просто сидеть отчисляйтесь еще и занимаете гранитные места, многие хотят поступить учиться, а не учитесь да еще и занимаете грант место. Так не делает ся получили грант так учитесь нефиг сидеть и прото тратить свое время.",5,Energo University,4.6,1323
Nur S,"12 ноября 2024, отредактирован",Huйня полная,1,Energo University,4.6,1323
шакир бек,"9 ноября 2024, отредактирован",Хорошая столовая,5,Energo University,4.6,1323
Асем Джунусбекова,9 ноября 2024,"учусь так, кафетерий ничо такой и туалеты зачёт",5,Energo University,4.6,1323
Bekbolat Yeldosov,8 ноября 2024,Ауэс сила қалғандары терпила!!айдын краш,5,Energo University,4.6,1323
Нурислам Кулманов,"8 ноября 2024, отредактирован","Ауэс өте жақсы университет👍
Автомизация и управления♥️",5,Energo University,4.6,1323
Алихан Оразбаев,8 ноября 2024,Кафедра “автоматизация и управление” топ🙌🏻Лучшие преподаватели и соответственно лучшие студенты🤭,5,Energo University,4.6,1323
Aristanov Salamat,8 ноября 2024,Мен Автоматизация и управление кафедрасында оқимын кафедра мұғалімдері күшті👍👍👍,5,Energo University,4.6,1323
Nazym Alpysbai,"8 ноября 2024, отредактирован",Ауэс университетінде Автоматтандыру кафедрасы уан лавв🤍🤍естен кетпес студенттік кездерге рахмет !!!,5,Energo University,4.6,1323
Жанерке Жумаш,8 ноября 2024,"АУ да 3-ші курста окимын, самый топовый вуз😊🔥🔥",5,Energo University,4.6,1323
madeshev__a .,8 ноября 2024,"Ауэс оте жаксы университет 🔥🔥
АУк мамандыгынын мугалимдери сабакты оте жаксы тусирдиреди🔥👍🏻",5,Energo University,4.6,1323
Aidyn Zhanbyrbayev,8 ноября 2024,Автоматтандыру және басқару мамандығы өте керемет 👍👍👍,5,Energo University,4.6,1323
Нурлыбек Караманов,"8 ноября 2024, отредактирован","Energo university де Автоматтандыру жане
баскару мамандыгында окимын. Мугалімдері ете керемет, өте унайды ауес топ👍🏻👍🏻👍🏻",5,Energo University,4.6,1323
Ramazan Zineden,"8 ноября 2024, отредактирован",АУ мамандығы👍👍👍,5,Energo University,4.6,1323
Bekzhan Konyrbay,8 ноября 2024,Мен Ау-да оқимын апайлар жақсы сабақ түсіндіреді.,5,Energo University,4.6,1323
Не указано,12 июня 2023,"Универ хороший, почитав комментарии немного в шоке от них! Никогда за мою учебу не было плохого отношения ко мне. Все преподаватели и сотрудники очень приветливые, отзывчивые и профессионалы своего дела. На пары ходить было одно удовольствие.
Много пишут что к ним относились грубо, могли что то не так сказать и.т.д скорее всего вы сами позволяли себе относится не уважительно к преподавателям, а там уж извините какой привет такой ответ)
Еще не раз не пожалела что поступила сюда, и закончила его👍🏻",5,Санкт-Петербургский Гуманитарный университет профсоюзов,4.1,418
Walter,21 марта 2025,"К сожалению, впечатления от обучения в этом университете оставляют желать лучшего. Уже на этапе поступления многое было скрыто: информацию о процессе обучения в Санкт-Петербурге объясняли неполно и не совсем честно. Позже оказалось, что стоимость обучения регулярно повышается, а студентов ставят перед фактом без объяснений. Возникает много несостыковок, на которые руководство никак не реагирует. Обращения студентов остаются без ответа, как будто их мнение никого не интересует.

Качество образования тоже не оправдывает своих затрат. Особенно разочаровали занятия по социологии с преподавателем Аблаевой. Она ведёт себя предвзято: у неё есть свои любимчики, которым ставятся высокие оценки вне зависимости от их подготовки к занятиям. Остальным студентам оценки часто занижаются без объяснений.

Обстановка в деканате также оставляет неприятное впечатление. Хатько и Загородняя часто разговаривают со студентами резко и высокомерно, иногда даже на повышенных тонах. Вместо того чтобы помочь или дать нужную информацию, создаётся ощущение, что студент — это человек, к которому изначально настроены с раздражением и недоверием. Атмосфера в кабинете напряжённая, и уже при входе чувствуешь, что тебя не рады видеть.

Очень жаль, что руководство университета не обращает внимания на эти проблемы. Хочется надеяться, что ситуация изменится: отношение к студентам станет уважительным, процесс обучения — прозрачным, а преподаватели начнут оценивать знания объективно и справедливо. Университет должен быть местом, где хочется учиться, а не бороться за справедливость.",1,Санкт-Петербургский Гуманитарный университет профсоюзов,4.1,418
Ирина Вольфовна,"11 марта 2025, отредактирован",Что на 3-этаже в 302 кабинете? Кто знает? ТяньШи?,5,Санкт-Петербургский Гуманитарный университет профсоюзов,4.1,418
Milka💜,"10 марта 2025, отредактирован",Бывало и лучше,1,Санкт-Петербургский Гуманитарный университет профсоюзов,4.1,418
Марина Владимировна,5 марта 2025,"В деканате обитают настоящие животные,которые не могут нормально и спокойно обращаться со студентами.Универ полное дно,не рекомендую поступать в данное учреждение.",5,Санкт-Петербургский Гуманитарный университет профсоюзов,4.1,418
Ольга Увалеева (Бобкова),"16 февраля 2025, отредактирован",😀,5,Санкт-Петербургский Гуманитарный университет профсоюзов,4.1,418
Насвэгал 228,"4 февраля 2025, отредактирован",Прикольный уник Свэга получил,5,Санкт-Петербургский Гуманитарный университет профсоюзов,4.1,418
Fatuskar,"25 декабря 2024, отредактирован",Самый классный универ,5,Санкт-Петербургский Гуманитарный университет профсоюзов,4.1,418
Vad_ SQ,"13 декабря 2024, отредактирован","Отличный университет! Особая благодарность 2 группе психологии и в частности Г-ну Коляну, который обманул весь универ со своими Таро, и Г-ну Файзулину, потому что у него шикарные усы.",5,Санкт-Петербургский Гуманитарный университет профсоюзов,4.1,418
чупапи йй,10 декабря 2024,"В универе ужасно холодно, никто не ходит и не проверяет батареи!! Они еле теплые, ближе к холодному. По санпин нормам они явно не греют, на улице температура в -, а студенты сидят в холоде!!!!!",1,Санкт-Петербургский Гуманитарный университет профсоюзов,4.1,418
S 🥷,"30 ноября 2024, отредактирован",ДЭ24БИНФ1 рулит. Люблю школьников на обед😋,5,Санкт-Петербургский Гуманитарный университет профсоюзов,4.1,418
Жумабек Сергеевич,30 ноября 2024,Идеальный университет. Каждый день школьники на обед 😋,5,Санкт-Петербургский Гуманитарный университет профсоюзов,4.1,418
Адель Байзакова,21 ноября 2024,"Отчислилась с АФ СПбГУП 1.5 года назад. И всё еще вспоминаю это время, как страшный сон.
Плохо всё, начиная с формата и срока обучения! Обещают 4 года и очную форму. А по итогу, по приходу в универ, вскрываются «приятные подробности», что всё зависит от того наберется-ли достаточно человек в группе.
Те, кто ведутся на обучение в Санкт-Петербурге, спешу разочаровать… Его не будет!
Качество знаний оставляет желать лучшего. По пальцам одной руки могу пересчитать грамотных преподавателей, которые действительно научили полезным навыкам.
В деканате творится полный беспредел. Так вдобавок к этому, еще и за всё нужно платить. К примеру, справка о месте обучения по месту требования обойдется вам в 200 тенге)
Инфраструктура оставляет желать лучшего. Даже комментариев на этот счет нет.
Если вы хотите поступить сюда, скажите «нет» самовыражению: снимайте пирсинги, перекрашивайте волосы.
Ну и вишенка на торте, правила университета настолько абсурдны, что даже за сладкосодержащие напитки вы получите выговор(
В общем, говорить могу долго, но лучше сдавайте ЕНТ, и не наступайте на те же грабли, что и я!😁",1,Санкт-Петербургский Гуманитарный университет профсоюзов,4.1,418
Aylin Altyn,"10 ноября 2024, отредактирован","Мой любимый университет 🥰училась с далеком 2004 году , и до сих пор осталось теплое воспоминание об этом месте и хороших преподавателей❤️",5,Санкт-Петербургский Гуманитарный университет профсоюзов,4.1,418
Ирина Ветрова,26 октября 2024,"Поступила сюда в 2015 году ,по отзывам смотрю ничего не меняется тут,смотря на фото университета,накатывает дрожь по коже .Интересно было только первые пол года и совсем не то,что обещает университет,когда пришла на день открытых дверей,рассказывали такую сказку,а по факту совсем не интересный университет .Учится было не в удовольствие совсем .У всех учителей разное требование,наш куратор вообще не участвовала в нашей жизни ,мы ее за год могли видеть только на её парах,все вопросы решали всегда сами,помощи от нее не было никакой,ни о каких новостях не сообщала,ничего вообщем не делала . Потом на втором курсе стали учиться в обед ,потом вообще вечером.Что было очень не удобно .Как итог,я еле перевелась в другой вуз,и ни капли не сожалею.Деканат -злые как ….Обучение постоянно росло.Нам еще более менее повезло ,дальше говорят вообще не интересно стало там и преподаватели стали уходить.Не советую .",2,Санкт-Петербургский Гуманитарный университет профсоюзов,4.1,418
Nalov .,"6 сентября 2024, отредактирован","Топ, учусь рядом, перемены совпадают и столько студентов возле магаза",5,Санкт-Петербургский Гуманитарный университет профсоюзов,4.1,418
Милана Довганюк,16 августа 2024,"Поступала в 2023 году направление психология. Была воодушевлена поступлением и ожидала от данного универа только лучшее. Мои ожидания рухнули. 1 семестр прошел тяжело, так как мы пришли после школы никто толком не объяснили оценивание, выполнение заданий и срок задачи. Оценивание от преподавателей оставляет желать лучшего, занижают по баллам, переходят на «ТЫ» и используют нецензурную лексику по отношению к студентам. Лекции проходили в большинстве раз очень нудно. Многие просто засыпали)
Деканат-сущий ад. Не подойти не с одним вопросом так как начинаются крики, и нервотрепка. Жила в общежитии, про общагу ничего плохого сказать не могу, хорошие условия для проживания. Единственный минус универ не отапливался зимой, было очень холодно. Грелись как только могли, и ставили обогреватели. Ну и мое самое любимое-каждый твой шаг это деньги. Допуски, справки и.т.д После начала 2 семестра приняла решение перевестись в другой ВУЗ вот тут и началось самое веселое) Пришла в деканат с данным запросом, начали выносить мозг принеси то, заплати там. В итоге пишу заявление о переводе оплачиваю за эту же справку 7000тг. Хотя в деканате сказали что стоимость 1000) Деньги никто не вернул. Мои документы лежали больше 4-х месяцев у них так как они мне их просто не отдавали, объясняя это тем что им нужен документ о том что я поступила в другой ВУЗ. В итоге забрать документы получилось только под предлогом того что я никуда не иду учиться.
Крайне разочарована, и не советую туда поступать. Поберегите свое психическое здоровье🥰",1,Санкт-Петербургский Гуманитарный университет профсоюзов,4.1,418
Nnn Erfutumorka,"13 августа 2024, отредактирован",у меня там жена учится,5,Санкт-Петербургский Гуманитарный университет профсоюзов,4.1,418
Айзере Мухтар,"2 августа 2024, отредактирован",Прикольно можно сходить,5,Санкт-Петербургский Гуманитарный университет профсоюзов,4.1,418
Ivan Popov,1 июля 2024,"Если ты задумался, хотя бы на минуту, поступать или же нет. Не поступай.",1,Санкт-Петербургский Гуманитарный университет профсоюзов,4.1,418
М К,"26 мая 2024, отредактирован",Хороший университета,4,Санкт-Петербургский Гуманитарный университет профсоюзов,4.1,418
Ольга Романова,19 мая 2024,"Закончила 1 курс и хочу поделиться своими впечатлениями об этом университете. Поступила в 2023 году на юриспруденцию. По началу все нравилось ,но постепенно вся красивая картинка рухнула. Деканат ужасный,ведет себя неподобающе,постоянно хамят,могут даже использовать нецензурные выражения,а когда нужно взять справку или решить вопрос,то вообще не принимают и выгоняют.Зимой ,а именно с конца декабря,резко в университете стало холодно,будто вообще не топили учебное заведение. И так было всю зиму,мы сидели в куртках пытаясь согреться. Эту проблему с отоплением никак не решили,но зато у самого деканата было тепло в их кабинетах.
Преподаватели юриспруденции остаются в сердечке. Особенно хотелось бы выделить Анну Александровну,это потрясающий преподаватель. Анна Александровна прекрасно объясняет на парах материал,в любое свободное время можно к ней обращаться и она поможет,подскажет. Полюбила этого преподавателя всей душой.Другие преподаватели,предметы которых не относятся к профильным,то здесь спорно. Есть кто действительно хорошо объясняет,а есть кто материал нормально преподнести студентам не могут,так еще и оценивают непонятно. Каждый раз по-разному.Кто отвечает им ниже балл,кто молчит на семинарах им больше ставят. С оцениваем беда у некоторых преподавателей и даже если к ним подходишь решать вопрос ,то они попросту игнорируют это,либо выводят все на конфликт.
Что касается больничного ,так вообще жесть.Приносишь справку,чтобы взять допуск,так присутствует вечное недовольство со стороны деканата,бывало что даже не могли принять справку и выдать допуски,так как просто не дали зайти в их кабинет(говорили,что заняты)
На счет мероприятий это отдельная история…Посвящение студентов это был сущий кошмар.Остальные праздники которые мы праздновали : Хэллоуин, Новый год,наурыз.Они были очень скудные и неинтересные.
Здание всё в трещинах. Кругом бегают школьники.Все время заходят в университет посторонние люди.
И это все было написано в крации. Как итог,я перевожусь в другой ВУЗ",1,Санкт-Петербургский Гуманитарный университет профсоюзов,4.1,418
Milya Wolf,"10 мая 2024, отредактирован","1. цена менялась
2. деканат ужасный, как к ним домой приходишь
3. студенческий отдел еще хуже, что то спросить - себе дороже
4. нас не хотели отправлять в Питер, говоря, что там нет нашей специальности и вообще нас должно быть много (оказалось неправда, просто держали, чтобы дальше платить за 4 курс заочки нашему филиалу)
5. студенческая жизнь и активность дальше курилки не заходит. раз в полгода наурыз и хэллоуин, подготовка которых оставляет желать лучшего
6. посвящение в студенты это вообще отдельная история
7. половина здания не принадлежит университету. где то школа, где то мери кей, чем это мешает? как минимум школьники пихаются в гардеробе, чтобы куртку быстрее забрать. места мало в здании, ни пройти ни проехать. в случае с мери кеем, заходят выходят левые люди вообще. спрашивают «куда вам?», спокойно отвечают в мери кей и заходят шатаются по всему зданию
8. даже за справку с места обучения приходится платить

единственный плюс это преподавательский состав. лично на нашей кафедре вообще не было претензий ни к одному из преподавателей. не у всех на парах интересно, но они как минимум вызывают уважение к себе. лояльные, толерантные, а главное компетентные люди. только за них можно поставить звезду

что насчет головного вуза в Питере… там просто куча правил, которые не соблюдаются в филиалах. лично нас они никак не напрягали, но тем, кто любит выражать себя - они не подойдут. снимайте пирсинги, перекрашивайте волосы и замазывайте татуировки. персонал к вам относится более требовательнее, чем в филиалах, но при этом ты чувствуешь себя там полноценным студентом серьезного вуза

головной филиал и алматинский - две разные планеты с разными системами управления. за алматинским филиалом никто не следит, поэтому руководство там делает что хочет настолько, что некомпетентное отношение было даже к преподам, не говоря уже о студентах

итог: не рекомендую. сдавайте ент и учитесь в более серьезных организациях либо езжайте получать образование зарубежом",1,Санкт-Петербургский Гуманитарный университет профсоюзов,4.1,418
Wash YourPants,"29 марта 2024, отредактирован",Крутой третий этаж,5,Санкт-Петербургский Гуманитарный университет профсоюзов,4.1,418
Kristina k,19 февраля 2024,ОЧЕНЬ ХОЛОДНО В УНИВЕРСИТЕТЕ!!!,1,Санкт-Петербургский Гуманитарный университет профсоюзов,4.1,418
Exit,17 февраля 2024,"Закончила этот университет и не пожалела) было познавательно, интересно и остались хорошие воспоминания , а главное знания
Преподаватели факультета психологии прекрасные!",5,Санкт-Петербургский Гуманитарный университет профсоюзов,4.1,418
….. …..,9 февраля 2024,"-Хочу начать с потребительского отношения к студентам от некоторых преподавателей и деканата, постоянное хамство, нельзя ничего узнать и уточнить зайдя к ним, разве так можно? Где субординация? Мы за что такие деньги платим? За то чтобы к нам обращались как к пустому месту??? Далее хотела выделить преподавателя, который не знает своих дисциплин и на парах рассказывает выдуманные истории, матерится, переходит на личности думая что ему все можно.
Мы не получаем знаний на его лекциях, но на семинарах с нас требуют как с ученых. Никто из вышестоящих не обращает на это внимание, как будто все так, как и должно быть.

- Есть хорошие, добрые, требовательные преподаватели, которые и правда хотят дать нам знания, очень хорошо объясняют, уважительно относятся к студентам, рассказывают о своем опыте в сфере их деятельности для большего интереса к предмету и к профессии.

- Но этот преподаватель это НЕРЕАЛЬНО ОГРОМНЫЙ ЖИРНЫЙ МИНУС этого Университета!!!!!

- Жаль что от этого отзыва ничего не поменяется люди работающие в деканате так и будут злые и неуважительные, а этот преподаватель так и будет там работать!!!!!

Уважаемые родители пожалуйста не отдавайте своих детей в этот университет, ( оплата растет каждую секунду) пока этот преподаватель не уйдет на пенсию.

- Я вас призываю! Пожалуйста не нужно вам тратить деньги на такой университет, один человек будет портить ваш процесс обучения",1,Санкт-Петербургский Гуманитарный университет профсоюзов,4.1,418
Aibek Seidanov,"22 ноября 2023, отредактирован",Отличный ВУЗ,5,Санкт-Петербургский Гуманитарный университет профсоюзов,4.1,418
Диана Ибрагимова,"20 ноября 2023, отредактирован","Очень классный университет персонал очень добрый, вежливые постоянно тама бываю",5,Санкт-Петербургский Гуманитарный университет профсоюзов,4.1,418
Қайрат Салимбетов,18 ноября 2023,"Был в университете и хочу отметить, что туалеты там на удивление были чистые. Всё блестит, никаких проблем с гигиеной не заметил. Респект обслуживающему персоналу за такую работу!",5,Санкт-Петербургский Гуманитарный университет профсоюзов,4.1,418
Wx Rv,"16 ноября 2023, отредактирован","Вуз топ, лучше чем головной",5,Санкт-Петербургский Гуманитарный университет профсоюзов,4.1,418
Дарига Авозяинка,"3 ноября 2023, отредактирован","Баллада о зря потраченном времени.
Мнение субъективное, опыт реальный.
В данном университете я обучалась три года, начиная с 2019. Обучалась на направлении СКД, то самое ""тамада с дипломом"". В целом, это выражение в полной мере отражает реальную пользу обучения. Только тамада обычно хотя бы обучен устраивать свадьбы, не так ли?
Если говорить о связанных с направлением программах и предметах - пользы, в сущности, никакой. Беспощадное и бессмысленное пережевывание одной и той же информации о какой-то абстрактной ""социальной анимации"", дающее нулевое фактическое представление о будущей деятельности. Перечислить виды праздников - да, научиться их организовывать - нет. Не знаю, возможно все эти секреты таятся на четвертом и пятом курсах, до куда я, к счастью, не добралась.
Отношение деканата к студентам временами откровенно безобразное, сотрудницы с вами вопросы по учебе доброжелательно обсуждать не будут.
Причин для разочарования в университете было две, последняя и послужила моему отчислению.
Разочарование первое: в 2020 году выяснилось, что в головной ВУЗ на четвертый курс нас никто не отправит. В группе было недостаточно людей. Сейчас я этому, кстати, рада. В гости к пэ езжать не особенно хочется.
Разочарование второе: к середине третьего курса мой отец умер от коронавируса и, соответственно, возможности оплачивать обучение дальше у меня не было. На вопрос об академическом отпуске мне ответили, что его нет и взять я его не могу. Возможно, подразумевалось, что причина была недостаточно уважительной (действительно). Я подумала, что терять нечего и отчислилась. Позже выяснилось, что академический отпуск тут все же существует. Занятно.
Отчислилась и не жалею. Живу в Словакии. Из положительного: благодарна ВУЗУ за знакомство со своими одногруппниками.
Также, хочу поблагодарить Гульзиру Олжабековну, Татьяну Владимировну, Мадину Кенжебековну, Паршукову Наталью Владимировну, Валерия Николаевича, Анатолия Анатольевича, Елену Олеговну и Козыреву Наталью Владимировну.",2,Санкт-Петербургский Гуманитарный университет профсоюзов,4.1,418
Елена Цветкова,10 октября 2023,"Просто хамское отношение к студентам со стороны некоторых преподавателей, именующих себя ""доцентами кафедры"".",1,Санкт-Петербургский Гуманитарный университет профсоюзов,4.1,418
Светлана Егорова,21 сентября 2023,"В столовою нашего Универа,советую не ходить.
Там все не вкусно не свежее ФОРМА У ВСЕХ БЕЛАЯ КРАСИВАЯ НО ГОТОВЯТ НЕ ВКУСНО И ОТВРАТИТЕЛЬНО🤮🤢 .
Три дня назад было все свежее и вкусное пирожки были классные манты вкусные👍👍👍а сейчас не советую ходить все не вкусное отвратительное.",1,Санкт-Петербургский Гуманитарный университет профсоюзов,4.1,418
Сауле Садыкова,24 августа 2023,Шарашкина контора 🤦‍♀️,1,Санкт-Петербургский Гуманитарный университет профсоюзов,4.1,418
Катерина 👀💚,26 июля 2023,"Отвратительный универ,особенно в Петербурге",1,Санкт-Петербургский Гуманитарный университет профсоюзов,4.1,418
Тони Тони,25 июля 2023,"Закончила в этом году АФСПБГУП. Минусы, как и у всех вузов, есть. Но плюсы в виде большого количества практики и качественной подачи материала их перекрывают",5,Санкт-Петербургский Гуманитарный университет профсоюзов,4.1,418
Наталья Апросина,20 июля 2023,"Хороший университет, дочке во время практики предложили работу ,сейчас работает юристом в хорошей компании. Советую",5,Санкт-Петербургский Гуманитарный университет профсоюзов,4.1,418
Элина Элина,18 июля 2023,"Спасибо моему универу, за прекрасные студенческие годы",5,Санкт-Петербургский Гуманитарный университет профсоюзов,4.1,418
Катя Щедринова,16 июня 2023,"Наша школа снимает помещение у университета . В принципе неплохо. Но проблемы с ремонтом , также наши окна находятся рядом с курилкой и каждый день мы чувствовали запах сигарет. Учителя неплохие , есть те благодаря кому хочется заниматься . Есть те кто наоборот",3,Санкт-Петербургский Гуманитарный университет профсоюзов,4.1,418
XXX Xer,8 июня 2023,Куда смотрит министерство образования!,1,Санкт-Петербургский Гуманитарный университет профсоюзов,4.1,418
Аня Борецкая,19 мая 2023,Хороший университет👍,5,Санкт-Петербургский Гуманитарный университет профсоюзов,4.1,418
Весельчак Иванович,15 мая 2023,"Учусь в данном университете. Пока что мне все нравится. С недавних пор у нас сменился директор, с тухлого электрика, который занимался ни пойми чем и опустил университет на дно, на прекрасного настоящего директора Аубакирову Анну Александровну - доктора юридических наук, она пытается всеми силами поднять университет на ноги, после этого обмудка, но как полагается нужно для этого всего время. На счет обучения, кафедра юриспруденции самая сильная кафедра в университете, где реально и достойно дадут тебе образование, а не просто будешь сидеть и хлопать ушами. А на 2 курсе тебя отправят на практику именно университет, а не ты сам будешь бегать и искать где же пройти практику. На счет других кафедр сказать не могу ничего. Но есть 1 минус который очень меня расстраивает это Хатько Ирина Геннадьевна, которая не очень уважительно относится к студентам объясняя это сложно ситуацией сложившейся в ее семье. Так университет , хороший. Больше минусов пока не нашли, надеюсь при новом директоре университет расцветет и будет таким же хорошим как ранее.",5,Санкт-Петербургский Гуманитарный университет профсоюзов,4.1,418
Алина Огаркова,12 мая 2023,"Лучше универа и представить нельзя , если сомневаешься, что тебе именно сюда, будь уверен , это место будет самым ярким в твоей жизнедеятельности 😍 спасибо всем кто причастен к СпбГУП АФ",5,Санкт-Петербургский Гуманитарный университет профсоюзов,4.1,418
Ника Элисон,10 мая 2023,"Тюрьма,а не учебное учреждение. Студентов за людей не принимают. Деканат вообще что-то с чем-то. Орут, оскорбления постоянные, у охраны нет никакой субординации. Образование 0. Квалификация преподов 0.Преподы на парах могут открыть википедию и читать информацию. За что деньги платились ?Медпункт вообще угар, фраза"" если вам плохо,нафиг вы ко мне пришли? Идите домой!"" Оплату поднимают постоянно, каждый год, плюс еще и требуют заранее оплачивать. Не успеешь первый семак закрыть, так как тебе уже говорят плати за следующий год. Люди не поступайте сюда и не советуйте этот вуз. Берегите психику, такое вообще и врагу не пожелаешь!Есть в вузе конечно хорошие преподы, но и ..... хватает! Баллы от балды ставят,занижают оценки, предвзятое отношение к студентам. Как цепные псы. Все,что вам говорят в приемке при поступлении - ЭТО ВСЕ ПЫЛЬ ! Надеюсь,что когда-нибудь закроют данное место.Не ведитесь,что типо поступить можно без ент. Лучше сдайте, пусть у вас хотя бы КТ будет, на всякий случай. Да,поступаете без сдачи ент, но вы 200 раз пожалеете,что вы его не сдали! Поступление очень простое, вы платите сначала бабки за 1 курс, а потом сдаете экзамены. Разумеется схема понятна,что в любом случае вы сдадите данные экзамены!Минус в том,что хрен вы потом куда сможете перевестись, деньги никто не вернет, переводить доки вам не будут! Как однажды сказал один препод,нам нужны от Вас ваши деньги. Как только вы заплатите, сразу на крючке у универа! Просто так вы не уйдёте с вуза, сможете только в негосударственное учреждения РК. С таким успехом проще в Синергию уйти. Там вы железно получите диплом, а здесь бабка вилами по воде писала,сможете ли вы его вообще получить.А еще преподы позволяют себе порвать вашу работу и бросить листы в лицо студенту. И еще сказать,чтобы вы подтерлись своими бумагами. Поддерживаю все отрицательные отзывы, положительные пишет только сам уник, заставляя студентов писать. Жаль нельзя отзывы минусовыми звездами ставить.",1,Санкт-Петербургский Гуманитарный университет профсоюзов,4.1,418
Zarina Paragulgova,5 мая 2023,"Мой любимый университет ♥️
Отличные преподаватели
Уже прошло 5 лет,но до сих пор самые теплые воспоминания 🥰🥰
Образование на высшем уровне,отличное отношение к студентам,добрая атмосфера! Было бы 100 звезд не жалея бы поставила!",5,Санкт-Петербургский Гуманитарный университет профсоюзов,4.1,418
Даниил Грац,24 апреля 2023,Прекрасное место что бы научиться чему то новому и полететь в СПб и развиваться дальше,5,Санкт-Петербургский Гуманитарный университет профсоюзов,4.1,418
Эльвин Алиев,24 апреля 2023,"Хороший Университет. Сильные преподаватели. Большой плюс, что имеется комфортное общежитие",5,Санкт-Петербургский Гуманитарный университет профсоюзов,4.1,418
Тая Куркова,31 марта 2023,"Ужаснейшее место! Ужасно пожалела,что поступила к ним. На экзамене преподаватели спят, учебный отдел общается будто к ним домой пришёл. Большая часть преподавателей собирает конверты в слепой зоне. Видимо на Запесоцкого адекватные люди работать не могут, не важно в какой стране",1,Санкт-Петербургский Гуманитарный университет профсоюзов,4.1,418
Дарья Булатова,"24 марта 2023, отредактирован","можете пожалуйста уволить женщин, которые работают в деканате. Они слишком много грубят, да и вообще, наверное устали работать. Им хватит уже, пожалейте этих женщин и бедных студентов, которым приходится с ними общаться!",1,Санкт-Петербургский Гуманитарный университет профсоюзов,4.1,418
ADik S,"сегодня, отредактирован",не стойт вообще поступать,1,Туран,4.3,2592
Ержан Кадырбек,11 апреля 2025,Заходит трудно,1,Туран,4.3,2592
Наталья Ким,"8 апреля 2025, отредактирован","Ох и настрадалась же я тут!!!
Начну с преподов,они живут в своем мире где они профессора мирового масштаба и им все должны,в их взгляде вы увидите знаменитую фразу «вы все г….»,ставят баллы как попало!
Ставят высокие баллы тем кого ни разу не видели,если возмущаетесь намекают и просят «чем нибудь помочь», преподы оценивают по внешности,пытаются навязать свое мнение, на весь вуз 1-2 адекватных препода!
Практики нет от слова совсем,нам препод сам поставил печать
Бухгалтера и медсестры постоянно нет на месте! В медпункте не было элементарного сальбутамола,в приступе астмы ушла домой ни с чем,покивали головой и оптравили дмомой.По семейным обстоятельствам нужно было уйти,документы мне не дали еще и сверху накинули еще 500к,пришлось доучиваться!
Охранники с которыми здароваешься все 4 года,когда потеряешь или забудешь пропускной скажут «эээ сен кым былмеймын сени кет жолды торамай»
В туалете нет бумаги,в женском никто не убирает!
На выпускной просили 10к с каждого,знакомые прошлогодки сказали что им даже стулья не дали,мы группой отказались,нам выдали дипломы даже не впустили внутрь вуза!
Диплом мне выдали с ошибкой в фамилии из трех букв) все лето бегала туда сюда
На работу не берут увидев диплом турана,практически все отказывают и смеются видя диплом,в итоге полгода сижу!
Миллион двести на смарку!
Не поступайте сюда!
Я могла бы еще многое написать,но тут коменты удаляют!
Мой муж тоже тут учился на журфаке,говорит редкостная помойка",1,Туран,4.3,2592
Arailym 🤍,"5 апреля 2025, отредактирован",Күшті универ,5,Туран,4.3,2592
Pepper Asnole,"4 апреля 2025, отредактирован",Ну че это за дела,2,Туран,4.3,2592
Айдана,"2 апреля 2025, отредактирован",Охранник ужасный!!!!! Очень грубый Особенно человек который там сидит,1,Туран,4.3,2592
Эльмира Куба,"1 апреля 2025, отредактирован",😎,5,Туран,4.3,2592
merukosha 🫦,"30 марта 2025, отредактирован","отличный универ вы что. этот университет настоящий находка для студентов: современные условия, удобный лифт и качественное питание создают комфортную атмосферу для учебы и жизни.",5,Туран,4.3,2592
Dilyara,29 марта 2025,"Сегодня университет организовал GameFirst, просто супер! Организация мероприятия на высшем уровне!",5,Туран,4.3,2592
Руководитель аппарата,28 марта 2025,"Уважаеамый Рахман Алшанович ! Просим обратить внимание на проблему с питьевой водой внутри университета. В учебном заведении, где мы проводим значительную часть дня, нет бесплатных кулеров с водой. При этом единственная альтернатива – покупка воды в магазине, где цены завышены.

Считаем, что наличие питьевой воды – это базовый комфорт для студентов, особенно учитывая, что мы оплачиваем обучение. Надеемся на Ваше понимание и скорое решение этого вопроса. Образование должно давать знания, а не жажду. Университет – это место развития, а не бизнес на воде и еде)",2,Туран,4.3,2592
Yo Landi,27 марта 2025,"Полный бардак в бухгалтерии, наплевательское отношение к студентам и никакой ответственности за свои ошибки.
Когда я училась на 4 курсе, столкнулась с наглой попыткой обмана со стороны бухгалтерии. Мне нужно было оплатить 165 000 тенге, но эти бухгалтерши заявили, что сумма — 218 000 тенге. Когда я попыталась разобраться, они просто отмахнулись: «Ничего не знаю, плати», не давая никаких объяснений.

Я рассказала об этом маме, и она тоже начала сомневаться. Я поехала разбираться. В итоге выяснилось, что они специально записали меня на оплату за другого человека, пытаясь вытащить лишние деньги, возможно, себе в карман. Если бы я не настояла на проверке, мне пришлось бы платить за чужого студента. После разбирательств сумму исправили, но никто даже не извинился.

Этот случай показал, что в этом университете могут спокойно пытаться навесить чужой долг на студента. Будьте осторожны, проверяйте каждую сумму и не верьте бухгалтерии на слово. Если видите что-то подозрительное – требуйте разъяснений и отстаивайте свои деньги.
Университет с таким отношением к студентам вызывает большие сомнения. Будьте внимательны при оплате, перепроверяйте все суммы!

Туран UEBISHE",1,Туран,4.3,2592
Nurdaulet Urazaly,"26 марта 2025, отредактирован",Все а**енно все чётко особенно SHISAI просто выступили огонь 🔥 🔥,5,Туран,4.3,2592
ogmsh .,26 марта 2025,"Кормят вкусно, но дорого, так себе кафешка",2,Туран,4.3,2592
Вадим Костицын,"25 марта 2025, отредактирован",Какао очень вкусное 🔥,5,Туран,4.3,2592
zhaina .,"21 марта 2025, отредактирован","посещала универ недавно, как абитурент. участвовала в одной олимпиаде. возникала проблема насчет регистрации и я обращалась на ватсап приемной комиссии. таких грубых специалистов я честно в жизни не видала. одна женщина отвечала чисто голосовыми, не знаю каких специалистов вы набираете, судя по ним вам важно только грубое обращение к людям и студентам. записала тысячу голосовых вместо сообщений, наорала, тыкала. общалась как с тyпым, слабоумным человеком. в этом минус. пропало полностью все желание туда поступать, если честно!",3,Туран,4.3,2592
Jasmin D,"19 марта 2025, отредактирован",Замечательный университет 💙,5,Туран,4.3,2592
LEV .,19 марта 2025,🙌🏻🙌🏻🙌🏻,5,Туран,4.3,2592
Егор Кобрин,16 марта 2025,"Учусь на курсе высшей школы психологии. Честно, посетил пару универов, и этот оказался самым запоминающимся. Учителя моей специальности-профессионалы своего дела! Отдельное спасибо Алине Дмитриевне. Такого оригинального и живого подхода к обучению ещё не было нигде. Дарья Алексеевна лучший эдвайзер! Желаю всем угодить к ней ;)))",5,Туран,4.3,2592
Дмитрий Герлиц,"15 марта 2025, отредактирован","Обучение, развитие и образование студентов, удобства и организация других процессов на достойном высоком уровне. Состав педагогов и директора профессиональный. Интерьер помещений и экстерьер здания многим учебным заведениям в пример.",5,Туран,4.3,2592
Насвэгал 228,14 марта 2025,Свэга не получил😭,3,Туран,4.3,2592
Аяжан Қайыржан,14 марта 2025,"Всем абитуриентам, не поступайте сюда ни в коем случае! Только так вы сохраните свои нервы. Если вы хотите в казахское отделение то будьте готовы что вас просто заставят написать заявление о переводе в русское, согласны ли вы или нет им все равно.",1,Туран,4.3,2592
Anuar Jr,14 марта 2025,"Бухгалтерия топ!!! Не было возможности подойти в универ и решил попросить друга спросить на счет того, сколько мне надо еще оплатить за обучение и почему у меня появилась пеня, хотя я платил на перед. И вооот, моего друга можно сказать, что послали, а именно сказали, что: «твоему другу надо, пусть и приходит, тебе ничего не скажу, надо будет, позже подойдет»
Туран поражает с каждым днем )))
Была бы возможность, я поставил 0",1,Туран,4.3,2592
123 Aiko,"12 марта 2025, отредактирован","Это самое ужасное учебное заведение, которое может быть. Сейчас будет не просто негатив без оснований. А серьезное пояснение своих слов. Я готова отвечать за свой слова лично.

1. Диплом колледжа и университета Туран котируется только на территории колледжа и университета Туран.
Даже при условии, что вы закончите на красный диплом, потратив здесь (не дай господь) 5 лет, то это все будет зря.

2. Выпускников Туран не берут на работу.
В колледже и университете Туран не обучают нормально базовым знаниям в области, на которую учиться студент. Очень много примеров когда брали выпускника Турана и он крупно облажался и его уволили с шумом. Об этом знает вся Алмата, что выпускники Турана ничего не умеют, так как их не обучают. Учителя ничем не занимаются. Не умеют преподавать. Когда приходишь на пару, они несут какой то бред не по теме. А при жалобе на руководство, ваша жалоба магическим образом исчезает. Даже если она оформлена официально. Образование на ужасном уровне. Преподаватели ничего не объясняют, а в конце года просят объяснить то, что они сами не поняли.

3. Преподавательский состав и руководство выбирает любимчиков и готовы их тянут до последнего. Если вы не попали по внешним причинам их запросам, то у вас будут проблемы.
Вас не будут замечать, будут игнорировать, не будут развернуто отвечать на поставленные вопросы об образовании. Вообщем, весь букет. А если вы попытаетесь игнорировать это положение, у вас это не получится

4. Руководством игнорирует поставленные вопросы и после каждого комментария в это приложение, собирают студентов в актовом и по микрофону говорят о том, какие студенты глупые, а руководство и учителя бедные жертвы. Вообщем, жалкое зрелище. Если не любите театр, то не поступайте

5. Ваше банальное спокойствие
Я бы мог/ла написать больше, но пока что до следующего собрания в актовом хватает

Желаю удачи и не поступления в Туран)))",1,Туран,4.3,2592
Malika ),12 марта 2025,Хороший университет),5,Туран,4.3,2592
Сафи Ридель,"12 марта 2025, отредактирован",👎,1,Туран,4.3,2592
Ekonskii .,"8 марта 2025, отредактирован",Я работал оффициантом и хороши,5,Туран,4.3,2592
Zhamil 🧟‍♂️,"3 марта 2025, отредактирован",У них хотябы лифт есть,5,Туран,4.3,2592
Akerke Bauyrzhan,3 марта 2025,ЛУЧШИЕ!!!!,5,Туран,4.3,2592
Иван Кузьмин,2 марта 2025,"Преподаватели совершенно не ценят время учеников, заставляют часами ждать. практику приходится не просто находить самому, но и со стороны университета бегать собирать печати, потом на производстве бегать собирать печати, как правильно заполнять никто не знает и не высылает. Ужас!",1,Туран,4.3,2592
Sanam Yuldasheva,28 февраля 2025,"Просто на заметку тем , кто хочет поступить сюда!)
Просто очень не советую сюда поступать , окончила я колледж , и все годы обучения я всегда бегала за преподавателями, они всегда чего-то ждали, какой нибудь подмашки в карман, я знаю тут только одного преподавателя который реально обучал и реально помогал студентам , это Эльвина Мехтиевна, самая лучшая в своем деле , просто обожаю ее только ради нее хочется поставить 5 баллов , и этот 1 балл я посвящаю только ей , опоздаешь на пару минут на пары, не впускали охранники , грубили и отправляли домой , когда ты ехала с другого конца города в колледж… Очень часто пары переводили на онлайн формат, где нам не объясняли ничего толком , в общем можно написать очень много всего за все эти годы обучения, я не смогла уйти т.к сказали что я должна доплатить за то что я заберу документы и уйду от туда…. Пришлось доучится , выжать по максимуму и уйти от туда … Мой вам совет прежде чем выбирать по красоте Универа , лучше выбирайте по отзывам и рейтингу 🙏🏼❤️Но кажется плохие отзывы удаляют лишь слабые…",1,Туран,4.3,2592
Caroline Sweet,27 февраля 2025,"Плохие отзывы удаляют, потому что правдивые. Универ ужасный, никакого преподавания нет, учителя некомпетентны, хамят, при этом не объясняют ничего, задания — ""сделай то, не знаю что"". Важную информацию, например, насчёт практики или экзаменов, либо не дают вообще, либо в самый последний момент. Несколько раз ставили экзамены не в экзаменационный период, и мы даже не знали названия предметов, которые нужно сдавать, так как всё нам говорили в последний момент, и сдавать нужно было без подготовки (проблема не студентов от слова совсем). Если нужно узнать что-то важное насчёт расписания или экзаменов, об этом вам никто не скажет и пошлют куда подальше. Красный диплом получить невозможно, даже если стараешься и всё правильно выполняешь — завалят сразу. Если хотите уничтожить свои нервы и впустую потратить деньги и нервы, то вперёд, поступайте. Я лично пожалела о потраченном впустую времени.",1,Туран,4.3,2592
Aidana Makhmudova,"26 февраля 2025, отредактирован",Самый классный университет где много возможностей,5,Туран,4.3,2592
Ocean Glow,"25 февраля 2025, отредактирован","Кафедра журналистики слабая. Нет практических занятий, а в журналистике главное — практика. Все документация и мероприятия проводятся на русском языке. А где находится университет? Правильно, в Казахстане. За 4 года обучения научились только делать презентации.

Преподаватель Эльмира проявляет нетактичность, нарушает преподавательскую этику: кричит и обсуждает личные отношения студентов. К тому же она не знает базовой теории. Шындалиева Мендигуль — отличный профессор, но не умеет объяснять и преподавать.

Еще немного +:
Дружелюбная атмосфера университета, преподаватели всегда готовы помочь студентам, вкусная столовая, современный ремонт и достаточно новой техники. Светлая и удобная для учебы библиотека.",3,Туран,4.3,2592
Раушан Мусакулова,"22 февраля 2025, отредактирован",Керемет,5,Туран,4.3,2592
Eva Star,18 февраля 2025,"Я бы хотела узнать, сколько баллов нужно набрать на ент чтобы поступить сюда? Потому что я думаю поступить,но не знаю сколько баллов нужно на ент,50 вроде да? Или больше ?",4,Туран,4.3,2592
Нұр ❄️,"14 февраля 2025, отредактирован",Нәшәр!!!!!,1,Туран,4.3,2592
Алишер Касенов,"12 февраля 2025, отредактирован","5 звезд потому что тут учится моя невеста❤️, приезжаю забирать ее отсюда, внутри не был, но думаю норм🤣, вечером уезжать сложновато по пробкам",5,Туран,4.3,2592
Gulzhahan Abdikerimova,9 февраля 2025,Тұран топтоп,5,Туран,4.3,2592
Ардош ✨️,"9 февраля 2025, отредактирован","я делала много выборов, но поступить в Туран было самым лучшим решением:)",5,Туран,4.3,2592
Алишер Ергалиев,"9 февраля 2025, отредактирован",Красивый университет! Хорошие люди там учатся! Творческие и съемки проводят!,5,Туран,4.3,2592
Kevin Wang,7 февраля 2025,Самый худший университет в Алматы не стоит поступать сюда. Лишь бы деньги им плати,1,Туран,4.3,2592
Зарина .,3 февраля 2025,"Поступили в этом году, но я уже пожалела. Уроки отменяют, меняют на онлайн. Преподаватели могут по своему желанию это делать, что за бардак? Ребенок на пороге, прилетает сообщение отменили/перенесли в онлайн формат. Дальше расписание одна-две пары в день, съездил на два три часа в универ и вернулся. Никаких заданий, практики, вообще не понятно за что мы платим? Какой он выйдет специалист если нет никаких знаний?",1,Туран,4.3,2592
dnld trmp,31 января 2025,Мой любимый университет 🥰обожаю Туран,5,Туран,4.3,2592
ася $кам,"31 января 2025, отредактирован",все по кайфу,5,Туран,4.3,2592
Anna Fomina,"31 января 2025, отредактирован","Отличный университет, высококлассные преподаватели!",5,Туран,4.3,2592
Айым Дулат,29 января 2025,"Универдің ішкі қызмет көрсету жүйесі просто ужасно!!! Өте сауатсыз қарым-қатынас көрсетеді! Сіңілімнің очислениесіне байланысты университетке барып едім, новерно мені приняли как судента, сөйлеу тоны, қызмет көрсету жүйесі өте нашар. Сөйлесу этикасы мүлдем жоқ. Оқытушылар да, бухгалтерияда немен айналысып отырғандарын өздері білмейді. 1 сағат бойы бір біріне сілтеп ана кабинетке бір мына кабинетке бір сілтеп өздерінің миы ашып жүр. Тұран деген аты болмаса, іші бығып жатыр, низко👎🏻",1,Туран,4.3,2592
Aaa Zheniskyzy,29 января 2025,"Бухгалтерия ужас. Вежливо спросила что и как, как начала грубо общаться с повышенном тоном! Сидят будто все на них держится. И прослушывайте, контролируйте телефонные звонки, разговаривают очень нагло! Прошу следить за этим⁉️",1,Туран,4.3,2592
коки фишер,"29 января 2025, отредактирован",столовка кайф!,4,Туран,4.3,2592
Arooo Arooo,"28 января 2025, отредактирован","Хороший университет, особенно профессиональный преподавательский состав. Особенно хочется отметить Молдыр Оралхановну, преподавателя турецкого языка, благодаря ей освоила азы турецкого языка и с каждым занятием совершенствую свой Турецкий язык. Большая благодарность преподавателю за ее профессионализм и труд!",5,Туран,4.3,2592
Asain Mukuzhanov,"27 января 2025, отредактирован","ну норм универ

Upd одну звезду убираю, потому что антисептики не меняете у меня рука воняла",4,Туран,4.3,2592
Рамазан Турдиев,6 февраля 2025,когда откроют факультет Vinted.de?,4,Distant University,4.9,84
Assylzat Begaidar,23 января 2025,Дым қорықпай оқуға кеңес беремін. Дипломның жемісін көріп отырғаныма 6 ай болды.,4,Distant University,4.9,84
Garifullauly_04 .,"18 декабря 2024, отредактирован",Топовый универ,5,Distant University,4.9,84
Айбек Жартыбаев,30 ноября 2024,Качественно и дистанционно,5,Distant University,4.9,84
Нурым Абдыкаликов,30 ноября 2024,Дистанционное оброзование доступно!!! под старость мне 35 )) решил получить оброзование высшее и не одно именно от Distant University,5,Distant University,4.9,84
zzzz xxxx,15 ноября 2024,"Қайырлы күн! Осы орталықта жұмыс жасайтын мамандарға алғыс айтқым келеді. Әсіресе, Мадина Манасқызына алғысым шексіз. Оның алдында Әлия ханым болған ол кісіге де алғыс білдіремін💚 барлық жағдайда осы екі кісі көмектесіп, қол ұшын созып, білмегенімді түсіндіріп отырды. Алға баса беріңіздер🙏",5,Distant University,4.9,84
Виктория Ткаченко,14 ноября 2024,Спасибо вам большое за отзывчивость.Всегда поможете когда к вам обращаешься.Молодцы.Удачи Вам в Вашем нелёгком труде.,5,Distant University,4.9,84
A ZZ,"14 ноября 2024, отредактирован","Осы орталыкта жумыс жасайтындарга, Мадина Манаскызына алгысым шексиз, тусинбей жаткан жерде унеми жауап берип комектесип отырады 🫶",5,Distant University,4.9,84
Аяулым Рахымбай,14 ноября 2024,Нағыз өз істерінің маманы😍 әсіресе Мадина Манасқызы үнемі бағыт бағдар беріп көмегін аямайды.,5,Distant University,4.9,84
Aruzhan Amangeldi,14 ноября 2024,"Өте керемет орталық!👍🏼 Әсіресе Мадина ханым өз ісінің маманы! Барлығын қадағалап, өте тиянақты жұмыс жасайды! Осы орталық арқылы оқуға тапсырғаныма еш өкінбеймін! Жұмыстарыңыздың жемісін көре беріңіздер!🌹👍🏼🌟",5,Distant University,4.9,84
Евгения Казначеева,14 ноября 2024,"В этом году заканчиваю университет, очень доступное обучение, девочки очень внимательные и всегда прийдут на помощь, так же консультируют и помогают по всем вопросам! Рекомендую",5,Distant University,4.9,84
Асем Анкебаева,13 ноября 2024,Нәтижелі жұмыс бар,5,Distant University,4.9,84
Жанар Нуржакып,13 ноября 2024,"Ұжымдарыңыздың жұмысы өте жоғарғы деңгейде👍 Мадина Манасқызы нағыз өз ісінің маманы,сізге алғысым шексіз❤️ Ұжымдарыңыз өсе берсін!",5,Distant University,4.9,84
Айгерим Орымбай,13 ноября 2024,Очень вежливые и грамотные сотрудники! Все понравилось!👍💯,5,Distant University,4.9,84
Талшын Кылышбек,13 ноября 2024,"👍👍👍👍👍👍👍👍👍👍👍👍👍👍👍👍👍👍👍👍👍👍👍👍👍👍👍👍👍👍👍👍👍👍👍👍👍👍
Қыздарға рақмет. Бардығын жақсы түсіндіреді",5,Distant University,4.9,84
Думан Диханбай,12 ноября 2024,"Жалпы ұжымдық жұмыс жақсы деңгейде көрсетіліп келеді ұжым жұмысы қанағаттанарлық
Дистанциялық қызметке алғыс айтамыз
Істеріңіз алға баса берсін
Бекенова Мадина ханымның жетекшілігімен жұмысымыз да сабағымыз да жақсы шешімін тауып келеді",5,Distant University,4.9,84
Солнце Солнце,12 ноября 2024,"Прекрасное учебное заведение! Отличные ребята учатся здесь! Если нужна подработка промоутером, напишите 87053006709.",5,Distant University,4.9,84
Алишер Азизов,"17 августа 2024, отредактирован","Позвонили, пригласили, отдал доки
Все чётко 👌",5,Distant University,4.9,84
Жанар Кабылбаева,18 октября 2023,"Дистания ұжымына үлкен рахмет,қызмет көрсету сапасы өте жоғары деңгейде!
Әр талапкерге түсінікті бағыт бағдар беріп,дұрыс жол көрсетеді.
Уақыты тығыз адамға білім алуға үлкен мүмкіндік!",5,Distant University,4.9,84
Акбаян Манасбай,16 октября 2023,"Поступила на дистанционное обучение с их помощью
Сервис хороший, качественные услуги, сотрудники приветливые
Офис уютный, всем советую
Большая возможность поступить на московские вузы 👍🏻😊",5,Distant University,4.9,84
Сардар Байметов,16 октября 2023,Барып кордым офистары жаксы полный тусындырып берд советую,5,Distant University,4.9,84
Айгуль Лукпанова,31 мая 2023,"Осы ұжымға кооп рахмет
Аман-есен болыңыздар
Мадина сізге кооп рахмет",5,Distant University,4.9,84
Алишер Джакупбаев,29 мая 2023,"Буйырса биыл диплом аламын, осы ужымга рахмет, оте тынгылыкты, ман-жайдын барын алдынала ескертып отырады👏",5,Distant University,4.9,84
Айшолпан Kanysh,29 мая 2023,Өте жақсы жоғарғы деңгейде көмектеседі.,5,Distant University,4.9,84
Кулайхан Барманбекова,28 мая 2023,"После колледжа былтыр оқуға тапсырдық, сопровождение жақсы жүргізіп жатыр, студентті ұмытпайды 👍🏻👍🏻",5,Distant University,4.9,84
Акбота Маликовна,26 мая 2023,"Мен магистратурага психологияга дистанционно тустим жумыс истеп окитандарга ынгайлы, Аидага рахмет,👍👍👍👍",5,Distant University,4.9,84
Мирас Сагынкожиев,26 мая 2023,"дистанционно оқып жатырмын, келесі жылы бітіремін бұйыртса
Менеджер👍",5,Distant University,4.9,84
dulat mukhituly,26 мая 2023,"Мен мұғаліммін
Дистантия арқылы магистратурада оқимын Омгада. Өте мықты білім береді. Мұғалімдері өте білімді",5,Distant University,4.9,84
Сако Алмасбек,26 мая 2023,"Колледжде экономиканы бітірдім, бірақ Айти оқығым келді дистанционно. Солай Дистантияға келіп түстім оқуға. Қазір Москвада онлайн оқып жатырмын",4,Distant University,4.9,84
Рамазан Абдуллаев,"26 мая 2023, отредактирован","жақсы сервис, көмектесті, менеджерлар сразу жауап береді",5,Distant University,4.9,84
Арман Раматилла,26 мая 2023,Жаксы сервис менеджерлеры жаксы комек беред,5,Distant University,4.9,84
Амандык Оо,26 мая 2023,"Поступаю на бакалавриат дистанционно, помогли с выбором специальности👍🏻👍🏻",5,Distant University,4.9,84
Саят Ахметжанов,26 мая 2023,Хорошо консультируют. Спасибо,5,Distant University,4.9,84
Janar Batyrkhan,26 мая 2023,Хорошо консультирует! Спасибо!,4,Distant University,4.9,84
Umit .,26 мая 2023,"Поступила на дистанционное обучение в Россию. Очень помогли с поступлением. Сотрудники вежливые, всегда отвечают и объясняют как что делать.",5,Distant University,4.9,84
Алия Жубамаева,26 мая 2023,"Учусь на магистратуре в МЭИ, Ваша компания до сих пор сопровождает. Так классно, что могу получить ответы на все свои вопросы(даже касательно тех.поддержки) 😍💣",5,Distant University,4.9,84
Alikhan Islamgozhaevich,26 мая 2023,Оз истеринин мамандары!👍,5,Distant University,4.9,84
Жаркынай Тиберикова,25 мая 2023,Хороший сервис!Всем советую👍🏼,5,Distant University,4.9,84
Дастан Телибаев,25 мая 2023,Профессиональная команда👍,5,Distant University,4.9,84
Назерке Дауренбекова,25 мая 2023,Барлығы жоғары сапада👍👍👏,5,Distant University,4.9,84
Арай Бекетаева,25 мая 2023,"Поступила на дистанционное обучение с их помощью, всем советую)",5,Distant University,4.9,84
Fatima Ospanova,25 мая 2023,Жақсы орталық,5,Distant University,4.9,84
Erasyl Nurzhaqyp,"25 мая 2023, отредактирован",Хороший сервис качественные услуги,5,Distant University,4.9,84
Агзат Беккожа,25 мая 2023,good place,5,Distant University,4.9,84
Аяулым Естай,25 мая 2023,"Хороший сервис,качественные услуги. Офис уютный,всегда быстро отвечают,узнала все о поступлении. Желаю всем удачи 😙✊",5,Distant University,4.9,84
Aliya Erekenova,25 мая 2023,"Классная атмосфера в офисе😍😍😍 приветливые сотрудники, получила ответы на все свои вопросы🥰",5,Distant University,4.9,84
Ruslan Ospanov,25 мая 2023,"Учусь на втором курсе, приемлимые цены для дистанционного обучения 🙌",5,Distant University,4.9,84
Kamshat Medetovna,25 мая 2023,"Была вчера там, менеджеры приветливые и знают свои работы на все 100%👍🏻",5,Distant University,4.9,84
Aruzhan Ospanova,25 мая 2023,Отлично консультируют!,4,Distant University,4.9,84
Farida Ospanova,13 мая 2023,"была в офисе вчера, проконсультировали по поводу обучения и угостили сладостями :) очень уютно",5,Distant University,4.9,84
Мырза Алматинский,сегодня,"Поступил на магистранта в 23г,защитился в 25г! Шарашкина контора! Я понимаю за всех компания оплачивает, я сам решил, для галочки. Знания дали из 5 баллов 2,за все предметы, онлайн было, а на защите капец, как будто я учился у них, вопросов куча... Тем более не по специальности сдавал... Обидно, ладно я, нефтяник и по своей теме сдавал, я бы промолчал, пипец в общем... Надо же знать, что за студент, кем работает , в какой сфере, потом уже выводы делать! Растянули жесть, я уже думал прекратить это всё и пусть деньги вернут... Я сам оплачивал, не малые 3,7млн...не советую...",1,Казахстанско-Британский технический университет,4.7,3537
bunn9g1rl .,15 апреля 2025,эляны стептан кулатты пиdaрасы,1,Казахстанско-Британский технический университет,4.7,3537
ライトニング .,"13 апреля 2025, отредактирован",Хогвартс Легаси,5,Казахстанско-Британский технический университет,4.7,3537
aruzhan ),13 апреля 2025,былмим Жасик окиды гой жаксы дит🤣,5,Казахстанско-Британский технический университет,4.7,3537
Диас Асат,11 апреля 2025,Норм уник,4,Казахстанско-Британский технический университет,4.7,3537
Beibit Malikaidar,"11 апреля 2025, отредактирован",тегін грант берші по-братски🥺🥺,5,Казахстанско-Британский технический университет,4.7,3537
Макеба .,9 апреля 2025,"Хотел там учится,пришел,отчушпанил и изнасиловал какой то раке( самый главный) боюсь поступать теперь",3,Казахстанско-Британский технический университет,4.7,3537
Абылай Мирамбекұлы,"6 апреля 2025, отредактирован","Там учится учится мой друг, и он весь худой из за вас и голодает а так хороший универ",1,Казахстанско-Британский технический университет,4.7,3537
Kasymbek Bitimali,"6 апреля 2025, отредактирован",),5,Казахстанско-Британский технический университет,4.7,3537
Kvaser ™,4 апреля 2025,"Сулейман Амир местный голубой совокуплялся с бегемотом номер данного пуджа:+77073334635
Звоните и присылайте члены",1,Казахстанско-Британский технический университет,4.7,3537
sanzh,3 апреля 2025,🫂🫂,5,Казахстанско-Британский технический университет,4.7,3537
sss 777,"2 апреля 2025, отредактирован","КБТУ жаляп шарага друг учится шшс КИМЭП лучше
Честно говорю курту керек",1,Казахстанско-Британский технический университет,4.7,3537
Танатар Нурислам,"31 марта 2025, отредактирован",Нравится универ,5,Казахстанско-Британский технический университет,4.7,3537
Jomart .,"29 марта 2025, отредактирован",Кайф,5,Казахстанско-Британский технический университет,4.7,3537
Аяжан Красавица,28 марта 2025,"Жақсы универ сияқты, неге маған тегін грант бере салмасқа?",4,Казахстанско-Британский технический университет,4.7,3537
Balgerim Y,26 марта 2025,вайфай нормальный будет обеспечен когда-нибудь?,2,Казахстанско-Британский технический университет,4.7,3537
Денис Шамриков,25 марта 2025,"Норм уник, если в нем не учится :). Знаний особо не дают (зависит от препода), но требуют дай боже. Если привыкли к самообучению, отличный вариант, потому что пар не много, в универе особо много времени не потратите",5,Казахстанско-Британский технический университет,4.7,3537
Жасмин Килибаева,24 марта 2025,Очень классная,5,Казахстанско-Британский технический университет,4.7,3537
Satymbaev !,22 марта 2025,👍🏻,5,Казахстанско-Британский технический университет,4.7,3537
Bagdagul Bisengalieva 🌺💐🍀🌷🌸🪻,"22 марта 2025, отредактирован",Пробки 😅,5,Казахстанско-Британский технический университет,4.7,3537
Виктория Марчевская,"22 марта 2025, отредактирован",Празднование Наурыз,5,Казахстанско-Британский технический университет,4.7,3537
Асель Ашенова,"22 марта 2025, отредактирован","Хороший уник, жаль не поступила сюда🤣🤣😭😭😭😭😭😭
А сколько концертов там проводится😣
London is the capital of Great Britain ! 🇬🇧👏💂💷",5,Казахстанско-Британский технический университет,4.7,3537
Тимур Роналдович,21 марта 2025,Лучший униу,5,Казахстанско-Британский технический университет,4.7,3537
Tomа 🎀,"20 марта 2025, отредактирован",Пойдет,2,Казахстанско-Британский технический университет,4.7,3537
Aibar Kuanish,"19 марта 2025, отредактирован",случайно поставил 1 звезду,1,Казахстанско-Британский технический университет,4.7,3537
LEV .,19 марта 2025,Norm univer,5,Казахстанско-Британский технический университет,4.7,3537
Ануар .,"18 марта 2025, отредактирован",Демонтаж озым жасагам 5этажын полный 😂,5,Казахстанско-Британский технический университет,4.7,3537
Aliya _,"17 марта 2025, отредактирован","Минус из-за вандалов студентов, халатно относящихся к историческому наследию.",4,Казахстанско-Британский технический университет,4.7,3537
adil ㅤ,"17 марта 2025, отредактирован","Охх, зря я туда полез...",5,Казахстанско-Британский технический университет,4.7,3537
Samat Koishibayev,"15 марта 2025, отредактирован","Историческое место, топовый вуз!",5,Казахстанско-Британский технический университет,4.7,3537
Гани Бакиров,13 марта 2025,"жақсы, тамаша",5,Казахстанско-Британский технический университет,4.7,3537
Назгул Амирбекова,13 марта 2025,Салеметсиздерма курметти университет мугалимдери студенттерди кинаганды коймайсыздарма казир ораза балаларга ауыр тип жатыр калай орындасада дурыс орындалса болды емес па баланын енбегин багаламайсыздарма оздеринизди мугалим устазбын деп билгендеринизди жасаган дурыс емес кай устаз екенин турин тустеп айтпаяк койайын бирак кишкене ойланыныздар Алланын алдында сураласыздар!,1,Казахстанско-Британский технический университет,4.7,3537
Azoshhh,"11 марта 2025, отредактирован",Хорошие ступеньки,4,Казахстанско-Британский технический университет,4.7,3537
😎😎😎😎😎😎 :O,"11 марта 2025, отредактирован",Спасибо что открыли толе би,5,Казахстанско-Британский технический университет,4.7,3537
Darhan Ẏalihan,"11 марта 2025, отредактирован",Самый лучший университет!,5,Казахстанско-Британский технический университет,4.7,3537
Fel1x 🌱,"10 марта 2025, отредактирован",Классный универ,5,Казахстанско-Британский технический университет,4.7,3537
Султан Бимагамбет,7 марта 2025,Kate,1,Казахстанско-Британский технический университет,4.7,3537
Daulet Ryskul,6 марта 2025,"Универ хороший, но надоедает когда каждый день в 9 утра сюда приходишь😭",5,Казахстанско-Британский технический университет,4.7,3537
Городская легенда,5 марта 2025,мечта🫠,5,Казахстанско-Британский технический университет,4.7,3537
k k,4 марта 2025,ухх зря я туда полез,2,Казахстанско-Британский технический университет,4.7,3537
Aizhan Baigaliyeva,4 марта 2025,The Best!!!❤️,5,Казахстанско-Британский технический университет,4.7,3537
Искандер Косахов,3 марта 2025,👍🏻👍🏻👍🏻👍🏻,5,Казахстанско-Британский технический университет,4.7,3537
Kurbanbek Erboluly,"3 марта 2025, отредактирован",Универ мечты,5,Казахстанско-Британский технический университет,4.7,3537
Zamira Kartbaeva,"2 марта 2025, отредактирован",Крутой универ,5,Казахстанско-Британский технический университет,4.7,3537
Аяшка :),"28 февраля 2025, отредактирован","Хороший универ,архитектура 10/10 😮‍💨🏛🔥",3,Казахстанско-Британский технический университет,4.7,3537
Ансар Шажанканов,24 февраля 2025,Там Ернатик учиться,5,Казахстанско-Британский технический университет,4.7,3537
Bekbarmak,23 февраля 2025,"haven't finished it yet, I'll give a separate review when I finish",5,Казахстанско-Британский технический университет,4.7,3537
N | T,"20 февраля 2025, отредактирован",😑,1,Казахстанско-Британский технический университет,4.7,3537
Марат Абдешев,"15 февраля 2025, отредактирован",Осында жұмыс істеймін,5,Казахстанско-Британский технический университет,4.7,3537
Ab3al A3an,14 февраля 2025,🔥🔥🔥🔥🔥,5,Казахстанско-Британский технический университет,4.7,3537
Не указано,"14 января 2025, отредактирован","Я училась в АУЭСе. Благодаря своих преподавателей я нашла в себе любовь к науке. Спасибо что они познакомили меня с наукой, и жизней технарей🤍",5,Energo University,4.6,1323
Елизавета Енова,"8 апреля 2025, отредактирован","Грустно, лифта нет. Столовая огонь, она спасает ситуацию",3,Energo University,4.6,1323
Қажымуқан,"28 марта 2025, отредактирован","Бұл университетте сабақты жақсы көріп оқығаның соншалық,бір сабақты екі рет оқисың😍 оқу семестрда и жазда 💝",5,Energo University,4.6,1323
Rakhmet Rashiduly🦎,"27 марта 2025, отредактирован",Жаман емес,5,Energo University,4.6,1323
Ерсултан Баделхан,"25 марта 2025, отредактирован",Пачиму а блок лучше чем б,5,Energo University,4.6,1323
Bekjigit Tugelbaev,18 марта 2025,А У Э С,5,Energo University,4.6,1323
Nurshat Uteliyeva,"17 марта 2025, отредактирован",Мой любимый университет❤️✅,5,Energo University,4.6,1323
Crio Sheik,16 марта 2025,"Отзыв:

Университет вполне хороший, без лишней показухи. Администрация, деканаты и колледжи всегда внимательно и вежливо относятся к студентам, учитывая их мнения. Это создаёт атмосферу уважения и человечности. Те, кто пишет негативные отзывы, зачастую делают это без объективных причин. Стоит помнить, что университет — это не просто место получения диплома, а прежде всего образовательный процесс, где важно взаимодействие с преподавателями и администрацией. Для тех, кто хочет получить качественное образование, АУЭС — это отличное место. Пожелаю университету дальнейшего развития и процветания!",5,Energo University,4.6,1323
⠀Miras Rysqulbek,"14 марта 2025, отредактирован",.,5,Energo University,4.6,1323
Yerbolat Burkhan,"13 марта 2025, отредактирован",Енді сыртын істесе болды👍🏻,5,Energo University,4.6,1323
Orazbek Sadu,"11 марта 2025, отредактирован",Керемет оқу орны.,5,Energo University,4.6,1323
Наз 🌸,"7 марта 2025, отредактирован","Не понимаю людей которые пишут плохие отзывы, университет прекрасный, новый ремонт, делают все для удобства студентов. Руководство максимально близки со студентами, была на встрече в четверг, где Проректоры выслушивают все что тревожит студентов👍 всегда улучшают качество, с каждым днем все лучше и лучше 🔥",5,Energo University,4.6,1323
Bolatov ㅤ,"21 февраля 2025, отредактирован",norm,4,Energo University,4.6,1323
Rei Exp,20 февраля 2025,Наверное не плохо.,3,Energo University,4.6,1323
Amantay TORE,4 февраля 2025,Студенттік шағымыздың куәсі😍,5,Energo University,4.6,1323
Нуржан Ергалиев,3 февраля 2025,"Являюсь студентом 3-го курса этого Универа, по всем любым вопросам можете не обращаться(грубо говоря вас отфутболят) куда подальше, не решают задачи в поставленные вами и руководством дедлайны(то есть не выполняют обязательства со своей стороны) даже ситуацию со справкой решили проводить через несколько этапов тем самым усложняя работу и себе и нам студентам, не понимаю нововведения которые сейчас внедряют буквально с каждым днем, у всех кипит голова и у студентов и у руководства, в 22/23 уч год всё было нормально, все нормально учились, но решили сменить платформу, и пошло поехало, учиться стало намного сложнее не в учебе а в решении проблем либо же согласовании каких то моментов, я конечно не эксперт в этой области, но если тот человек который устанавливает эти законы рамки правила или что нибудь еще, попробует себя поставить на место студента, он грубо говоря будет в шоке, простой совет вам, да может вы скажете что я никто и тд. но и мнения студентов учитывать научиться вам надо, итак простой совет, не усложняйте систему пожалуйста, реально если вы не хотите чтоб и студенты перестали жаловаться и наконец учиться, также и касается преподавателей, все мы люди, и всем свойственно принимать простую информацию по решению проблем, надеюсь что вы услышали не только меня но и студентов всего вуза, пожалуйста примите решения🙏🏻",2,Energo University,4.6,1323
Eldos Bekturganov🪐,31 января 2025,Good university,5,Energo University,4.6,1323
Saya Baizakova,30 января 2025,Самый лучший вуз👍,5,Energo University,4.6,1323
Darkhan Sadykov,22 января 2025,"если сравнить с другими униками города, то АУЭС самый худший. Начиная с общаги, заканчивая преподавателями которые не знают свою дисциплину.",1,Energo University,4.6,1323
Жасмин Витковская,"17 января 2025, отредактирован","Арман қуып 11 класстан кейін Алматыға түсемін деп, АУЭС таңдаған едім. Бірақ, аса қатты ақпарат алмағанмын оқу орны туралы. Басында келгенде ожидание / рельность болғаным бар енді. Расында да мен түсетін 2022 жылы ремонт өте ескі болды, кабинеттері нашар, кейде қатты салқын, кейде қатты ыстық, көбіне условия болмады. Алайда, 2024 жылы универдің ішін кішігірім реттеді.
Оқу , білім жағына келетін болсақ, студенттердің 70-80% грант алсам болды деп түсе салғандар. Өзім Бизнеспроцесстерді автоматтандыру және басқару мамандығында оқимын. Яғни біздің группа бұл мамандықты ең алғаш меңгерген группа) әрине мамандыққа деген дайындық аз, әлі де мұғалімдердің өздері дұрыс білмейді. Бастапқы 3 жыл 90% автоматтандыру және басқарудың пәндерін оқып шықтық. Өте жақсы және құзыретті емес те мұғалімдер бар. Студенттің түріне, ұлтына қарап жақтыртпайтындар да бар( өзім өзге ұлттың өкілімін, басымнан өтті) личная неприязнь бола қалады. Сабақты қанша жақсы оқысанда, бағанды кемітіп қояды. Бірақ 4 жұлдызды АУ кафедрасының мұғалімдері үшін қоямын. 90% өте білікті, өз пәнін толық білетін оқытушылар.Оқысан, оқығаныңа сай қояды. Оқымасан,өзіңе лайықты бағаңды қояды. Негативный отзыв жазғандар,сабаққа бармай, оқымай допуск алғысы келетіндер ғой. Мұғалімдер өте көп жеңілдіктер жасайды. Біздің кафедрада оқыту үшін өте жақсы жаңдайлар жасалған. Яғни,лабораториялық кабинеттер,программалар,компьютерлер👍. Бірақ,кабинеттің аздығы кемшіліктердің бірі. Бір аудиторияда екі сабақ қатарынан болады жиі.
Сабақ кестесімен біршама проблемалар бар. Әрине бұл кабинеттердің жетіспеушілігінен болады.
Жалпы сабағынды оқып,ынталансан,бар жағдай бар.Сабақтан қиналып,жылап оқитынымызды жоққа шығармайм😅
Бірақ студенттердің контингенті онша қатты ұнамайды.
Тағы да бір ыңғайсыз жері,білім беру жүйесінің жыл сайын ауысуы.3 курс оқып отырм,3 жыл әртүрлі жүйемен оқып келеміз. Емтихан да,3 жыл бойы, 3 түрлі формат пен шарттарда өтті.бәреуіне үйренісе алмай жүргенде, екінші жүйеге резко ауысу бағаға қатты әсер етеді",4,Energo University,4.6,1323
Жазира,14 января 2025,"Алматинский университет энергетики и связи имени Гумарбека Даукеева, самый лучший университет в Казахстане. На протяжении 50 лет АУЭС выпускает высококвалифицированных специалистов в области энергетики, связи и IT технологий. Выпускники вуза работают и занимают руководящие должности в крупных компаниях. Поступайте в Energo University",5,Energo University,4.6,1323
Dastish fantastish,"11 января 2025, отредактирован",место которое заставит тебя начать работать),5,Energo University,4.6,1323
Azamat Adilkhanov,"9 января 2025, отредактирован","Универ мне понравился, хочется поступить туда",5,Energo University,4.6,1323
Lauriel,"27 декабря 2024, отредактирован","Лучший университет в Алматы!
Особенно радуют учащиеся в данном учебном заведении.
Из учителей хочется выделить Толеуову Багилу за её отношение к студентам и непредвзятое отношение.",5,Energo University,4.6,1323
Kawaleric,26 декабря 2024,Лучший университет,5,Energo University,4.6,1323
Yakov Krasnozhenov,12 декабря 2024,Классный колледж,5,Energo University,4.6,1323
Ерзат Алимбек,"12 декабря 2024, отредактирован",Добрые учителя,5,Energo University,4.6,1323
Timur Shaimurat,6 декабря 2024,Альма Матер,5,Energo University,4.6,1323
А. Т. А.,"3 декабря 2024, отредактирован","Это из за Стаса. (Кто не понял тот ""л0х"")",1,Energo University,4.6,1323
Nullus Est,28 ноября 2024,"Хочу просто сказать, самый лучший преподаватель по иностранному языку это Акбота Утепбергеновна. Дала очень хорошие знания по материалу, к таким преподавателям хочется идти на пары. Побольше бы таких каждому",5,Energo University,4.6,1323
Мадияр Маташев,"24 ноября 2024, отредактирован",Учусь здесь вроде все устраивает,5,Energo University,4.6,1323
Дарын Маралбек,"21 ноября 2024, отредактирован","Студенттермен жұмыс, жақсы қарым қатынас, барып жүрген, оқим деген студенттерге керемет универ бастысы аты бар👍👍",5,Energo University,4.6,1323
Юз 🦈,"16 ноября 2024, отредактирован","энергетикте оқитын 3-курс студенті Сұлтанғалиев Даулетті танитындар барма?
танысаңдар 8-707-121-39-28",5,Energo University,4.6,1323
Malika Im,"12 ноября 2024, отредактирован",Классное оформление! В подробности не влезала ),2,Energo University,4.6,1323
71 Nurlan Azamtuly,"12 ноября 2024, отредактирован",Өте керемет білім ордасы,5,Energo University,4.6,1323
Abuka 31,"12 ноября 2024, отредактирован","Хороший уник, люди не будьте глупыми, преподаватели строгие да они будут спрашивать то чему вас учили чтоб вы получили образование. Зачем вы читаете отзывы 2гис ? Об униках их пишут люди которые хотят все на халяву. Поймите колледж тоже отличный преподотели требовательные так как они вас учат чтоб вы могли достояно работать в дальнейшем, пришли сюда не учиться а просто сидеть отчисляйтесь еще и занимаете гранитные места, многие хотят поступить учиться, а не учитесь да еще и занимаете грант место. Так не делает ся получили грант так учитесь нефиг сидеть и прото тратить свое время.",5,Energo University,4.6,1323
Nur S,"12 ноября 2024, отредактирован",Huйня полная,1,Energo University,4.6,1323
шакир бек,"9 ноября 2024, отредактирован",Хорошая столовая,5,Energo University,4.6,1323
Асем Джунусбекова,9 ноября 2024,"учусь так, кафетерий ничо такой и туалеты зачёт",5,Energo University,4.6,1323
Bekbolat Yeldosov,8 ноября 2024,Ауэс сила қалғандары терпила!!айдын краш,5,Energo University,4.6,1323
Нурислам Кулманов,"8 ноября 2024, отредактирован","Ауэс өте жақсы университет👍
Автомизация и управления♥️",5,Energo University,4.6,1323
Алихан Оразбаев,8 ноября 2024,Кафедра “автоматизация и управление” топ🙌🏻Лучшие преподаватели и соответственно лучшие студенты🤭,5,Energo University,4.6,1323
Aristanov Salamat,8 ноября 2024,Мен Автоматизация и управление кафедрасында оқимын кафедра мұғалімдері күшті👍👍👍,5,Energo University,4.6,1323
Nazym Alpysbai,"8 ноября 2024, отредактирован",Ауэс университетінде Автоматтандыру кафедрасы уан лавв🤍🤍естен кетпес студенттік кездерге рахмет !!!,5,Energo University,4.6,1323
Жанерке Жумаш,8 ноября 2024,"АУ да 3-ші курста окимын, самый топовый вуз😊🔥🔥",5,Energo University,4.6,1323
madeshev__a .,8 ноября 2024,"Ауэс оте жаксы университет 🔥🔥
АУк мамандыгынын мугалимдери сабакты оте жаксы тусирдиреди🔥👍🏻",5,Energo University,4.6,1323
Aidyn Zhanbyrbayev,8 ноября 2024,Автоматтандыру және басқару мамандығы өте керемет 👍👍👍,5,Energo University,4.6,1323
Нурлыбек Караманов,"8 ноября 2024, отредактирован","Energo university де Автоматтандыру жане
баскару мамандыгында окимын. Мугалімдері ете керемет, өте унайды ауес топ👍🏻👍🏻👍🏻",5,Energo University,4.6,1323
Ramazan Zineden,"8 ноября 2024, отредактирован",АУ мамандығы👍👍👍,5,Energo University,4.6,1323
Bekzhan Konyrbay,8 ноября 2024,Мен Ау-да оқимын апайлар жақсы сабақ түсіндіреді.,5,Energo University,4.6,1323
Адема Асылханова,"14 апреля 2025, отредактирован",Пойдет,5,Университет международного бизнеса им. Кенжегали Сагадиева,4.4,1995
Ayaulym Eleukhankyzy,"12 апреля 2025, отредактирован",красиво,5,Университет международного бизнеса им. Кенжегали Сагадиева,4.4,1995
Akkundyz🫧 Kusmankyzy,"12 апреля 2025, отредактирован","капееец күшті универ,түскім келеді осы жаққа🥹
бүгін тест тапсыруға келдік очччень классно
организация күшті прям😍😍",5,Университет международного бизнеса им. Кенжегали Сагадиева,4.4,1995
Яляня Гав,"12 апреля 2025, отредактирован",Моча литвина срочно А4 макан чтоооо Кобяков огурчекр дверь самолёт шкебедходы,5,Университет международного бизнеса им. Кенжегали Сагадиева,4.4,1995
akerke .,"10 апреля 2025, отредактирован",Было очень круто и сам уник топ🔥🔥🔥🔥🔥🔥🔥,5,Университет международного бизнеса им. Кенжегали Сагадиева,4.4,1995
Aiym Sabyrtai,"8 апреля 2025, отредактирован",ну так себе…,3,Университет международного бизнеса им. Кенжегали Сагадиева,4.4,1995
Таир ~,6 апреля 2025,Танцпол отстой,4,Университет международного бизнеса им. Кенжегали Сагадиева,4.4,1995
Екатерина Рожкова,"6 апреля 2025, отредактирован","Атмосфера спокойствия, студенты и учащиеся и гости заходят в здание с ощущением как домой- уютно, чисто, продуманы учебные аудитории. Желание поступить и учиться здесь появляется сразу 🙂",5,Университет международного бизнеса им. Кенжегали Сагадиева,4.4,1995
Assel Dauletbakova,4 апреля 2025,"Я училась в этом университете и до сих пор его люблю! Спасибо Кенжегали Абеновичу Сагадиеву что в свое время открыл такой вуз!
Я не смогла поступить в магистратуру сюда же, т.к выбрала Академию Президента РК и закончила там магистратуру.
Про UIB хочу сказать о сильном кадровом составе.",5,Университет международного бизнеса им. Кенжегали Сагадиева,4.4,1995
Махамбет Рахимов,"4 апреля 2025, отредактирован",👍👍👍👍👍,5,Университет международного бизнеса им. Кенжегали Сагадиева,4.4,1995
Саид Надыров,"2 апреля 2025, отредактирован",Шарага,1,Университет международного бизнеса им. Кенжегали Сагадиева,4.4,1995
Shadd S,"1 апреля 2025, отредактирован",Классная библиотека и зона отдыха,5,Университет международного бизнеса им. Кенжегали Сагадиева,4.4,1995
Канат Арманович,"1 апреля 2025, отредактирован",Подумайте о своем будущем не поступайте сюда никогда !,1,Университет международного бизнеса им. Кенжегали Сагадиева,4.4,1995
Asi A,28 марта 2025,Жансая самая лучшая работница 😍😍,5,Университет международного бизнеса им. Кенжегали Сагадиева,4.4,1995
Бешбармақтың Жанкүйері,"28 марта 2025, отредактирован","Удобное местоположение, все рядом🫰🏻",5,Университет международного бизнеса им. Кенжегали Сагадиева,4.4,1995
Anelya Nussipzhan,27 марта 2025,❤️,5,Университет международного бизнеса им. Кенжегали Сагадиева,4.4,1995
Манзура Камал,26 марта 2025,Я тут учился,1,Университет международного бизнеса им. Кенжегали Сагадиева,4.4,1995
Мерген Канафин,26 марта 2025,Всё,5,Университет международного бизнеса им. Кенжегали Сагадиева,4.4,1995
Алекс Ширай,"25 марта 2025, отредактирован",Что я тут делал... 🤔,5,Университет международного бизнеса им. Кенжегали Сагадиева,4.4,1995
Ademay Gaon’s wife🩷,"14 марта 2025, отредактирован",Люблю этот универ даже за минусы,5,Университет международного бизнеса им. Кенжегали Сагадиева,4.4,1995
vqwrldd,"13 марта 2025, отредактирован","уник фигня, образование слабое, неуважение и некомпетентность персонала, а также со стороны некоторых преподавателей, в медпункте посадили необразованного грубияна, который кроме базовых лекарств больше ничего не может предложить. администрация в 103/104 неуважительно относятся к первому курсу, что говорит о недоброжелательном отношении к студентам (особенно к первому курсу)",1,Университет международного бизнеса им. Кенжегали Сагадиева,4.4,1995
Нурсултан Исламбеков,"11 марта 2025, отредактирован","Универ, в котором учится красавица. Только за это 4.",4,Университет международного бизнеса им. Кенжегали Сагадиева,4.4,1995
Aaa🪐 Hhhh,"8 марта 2025, отредактирован",Онша емесzz,1,Университет международного бизнеса им. Кенжегали Сагадиева,4.4,1995
Zhanna Mukanova,"8 марта 2025, отредактирован","Один из худших вузов. Не профессионализм преподавательского состава, некомпентентность ректора и директоров департаментов. В этом вузе процветает буллинг по национальному признаку. Заманить детей грантами, довести до болезни, подвергать постоянному буллингу, унижать, оскорблять, говорить, что диагноз не серьезный, и в итоге платите деньги. Самый ужасный вуз во всех смыслах! Родители, пожалейте детей, не отдавайте своих детей учиться в этот вуз. Кураторы, которые видят детей за весь семестр по 1-2 раза, бьют себя в грудь, утверждая, что общаются с детьми и знают. В 104/103 кабинеты непонятные работники, не знающие ответы на вопросы. Сотрудницы бухгалтерии, которые настолько хорошо насидели свои 5-е точки еле передвигаются. По медику плачет проверка, на проф.пригодность. Такое ощущение, что у человека липовый диплом. Ну а ректор и директор департамента, это вообще нечто. Люди не понимающие, не принимающие ничего, но бьющие себя в грудь, доказывающие свою правоту. И да, за прессинг моего ребенка, этот вуз будет отвечать! Я этого так не оставлю. Вас ждет громкий суд, с привлечением СМИ, блогеров, буду инициировать проверки работы вашего вуза всеми структурами.",1,Университет международного бизнеса им. Кенжегали Сагадиева,4.4,1995
Serik Adzhibaev,"7 марта 2025, отредактирован","Бухгалтерию надо проверить что ли,отношение к студентам очень неуважительно.И я одну вещь не понимаю,даже если я оплатил за учебу почему в академо выходят пения??? Говорят это из-за банка но причем здесь мы?? Это не наша проблема!!! Лишь бы деньги взять а не давать хорошое образование студентам и решить эту проблему.",1,Университет международного бизнеса им. Кенжегали Сагадиева,4.4,1995
Adham Abdurahmanov,5 марта 2025,Хороший университет лучшие преподаватели 👍,5,Университет международного бизнеса им. Кенжегали Сагадиева,4.4,1995
Zitr 7,"3 марта 2025, отредактирован","Баха Арметов тигр, душ хороший",5,Университет международного бизнеса им. Кенжегали Сагадиева,4.4,1995
Batyr Usten,"1 марта 2025, отредактирован",Хочу поступить суда,5,Университет международного бизнеса им. Кенжегали Сагадиева,4.4,1995
Самир Арджиманов,"24 февраля 2025, отредактирован","Учусь здесь на гранте, в целом к самому обучению вопросов вроде нет, материал свежый и тд хотя я сильно не углублялся в эту тему. Университет маленький что для меня лично плюс. Постоянно какие-то мероприятия, люди очень добрые и отзывчивые. Некоторые преподаватели прям очень хорошо учат, за 1 семестр в университете я узнал больше про казахский язык чем за 11 лет в школе(спасибо Айман апай). Администрация не очень порадовала, постоянные разговоры о том что они всегда помогут, но по факту они мало какие вопросы решают, и эта проблема не только у меня но и у моих друзей. В этом плане спасибо молодой администрации они больше вовлечены в проблемы студентов и по сути помогают чаще всего они. Особенно рекомендую университет тем кто учится только для галочки(но и тем кто учится для образования тоже по причинам написанным в начале) и ищет маленький университет(чтобы можно было банально легче по нему ходить) который находится рядом с метро, некоторыми развлекательными центрами, ресторанами и с хорошими людьми. Иногда бывали проблемы с Moodle или типа того из-за чего в первое время я не очень понимал какие домашние задания и мои оценки чутка упали, но сейчас вроде всё норм. Мне не понравился подход к физкультуре, могут отчислить из-за предмета который не связан с науками ради которых я и шел в университет.

Вообщем-то минусы у университета есть также как и плюсы. Опять же если вы учитесь не для галочки, а чтобы поступить на работу где смотрят какой университет вы закончили я бы присмотрелся к другим вариантам. Ну а если вы ходите в университет для того для чего университеты предназначены(получение образования, чтобы действительно стать умнее, возможно не для работы или диплома, но просто для себя, а не просто сидеть и заучивать то что вы не хотите учить) то пожалуй UIB может научить тому-же что и другие университеты.",3,Университет международного бизнеса им. Кенжегали Сагадиева,4.4,1995
Xenia 💋,"22 февраля 2025, отредактирован","поступила на магистратуру. теперь начнем с самого начала. почему приемная комиссия это дети 1го курса? когда они начали говорить про магистратуру, цитирую «ну, у вас в конце будет ну этот, типа дипломки но это не дипломная работа» Это называется диссертацией. 2й момент, нам без выбора просто пихнули любой иностранный язык, хотя, я надеялась на выбор что продолжу учить тот язык, который я изучала на бакалавриате🤦‍♀️ 3ц момент, я подавалась на казахское отделение т.к. предметы по типу психология, педагогика мне понятней учить на казахском. итог: мы все в русском отделении.
организованности в этом унике 0. всем лишь бы нажиться на денюжках😍 идешь с проблемой, тебя не выслушают и просто скажут скатертью дорога. в общем, очень жалею что поступила сюда, за такие деньги лучше поступить в другой универ и платить действительно за ЧТО-ТО.
и все пытаются учить тебя жизни😂 ваших советов никто не спрашивал. один преподаватель вообще говорил чтобы мы после работы не приходили на пары уставшими и не зевали на уроке. к магистрантам они вовсе не лояльны, хотя я слышала совсем другое. +ставят ультиматум, будто они будут платить за кв, еду, коммуналку, кредиты, расходы и т.д. в январе, когда было сильное землетрясение, уник отменил пары а нам преподаватель сказала , нет, вы придете на пары🤣 здесь оказывается и умереть можно если вдруг что. не советую сюда поступать!!!",1,Университет международного бизнеса им. Кенжегали Сагадиева,4.4,1995
Арехус Негрус,"19 февраля 2025, отредактирован",Нормально,3,Университет международного бизнеса им. Кенжегали Сагадиева,4.4,1995
Пользователь Тугис,18 февраля 2025,"Не скажу плохо насчет универа, но сайт делал явно 47-хромосомный, додумался же писать белым по светлому 🗿",4,Университет международного бизнеса им. Кенжегали Сагадиева,4.4,1995
aeka moldasheva,"18 февраля 2025, отредактирован","платим столько бабла, а толку то??
лучше не пожалеть на образование и доплатив обучаться в ВУЗ-ах получше.
что администрация, что куратор всем абсолютно плевать что у студентов что-то не так, спрашиваешь у куратора, автоматически перенаправляет в 104 каб., вот честно, что угодно спросите - ответ один: «здравствуйте, в 104каб». ладно если б в этом 104 что то решили, там сидят глазами хлопают и направят еще кое куда, ради одной ерунды потом столько бегать приходится. насчет заявлений на пересдачи, их вообще принимают? или после того как написали сразу выбрасывают? довольно уважительные причины тоже отказывают. в общем никогда не понимала и наверное не пойму администрация нашего прекрасного зеленого домика. что насчет студентов, да, разумеется тут учатся прекрасные люди с открытой душой, но не стоит забывать про людей которые поливают грязью друг друга за спиной, очень много завистливых, лицемерных и язвительных клеветников.
почему приемная комиссия это перваши, неужели нельзя подобрать более квалифицированных специалистов?
если отбросить эти факторы, то да, я действительно считаю что тут более менее хорошее образование, учусь на ОП международные отношения и дипломатия, вроде все норм…",2,Университет международного бизнеса им. Кенжегали Сагадиева,4.4,1995
Амир Ярмахамбетов,12 февраля 2025,"Садыкова Жанар Ертаевна это лучшее, что есть в этом универе.",5,Университет международного бизнеса им. Кенжегали Сагадиева,4.4,1995
Kamil’ Bayramov,"11 февраля 2025, отредактирован",Дали поспать на лекции 10/10👍👏👏💪👍🥹🥹🥹🥹🥹🥹🥹,5,Университет международного бизнеса им. Кенжегали Сагадиева,4.4,1995
Masyonyaa 12,10 февраля 2025,"Все ужасно в этом универе! особенно администрация когда приходишь с проблемами они говорят ""нас не волнует"" ""не наши проблемы"" а когда приходишь отчислятся они с грустным голосом спрашивают ПАЧЕМУ😭😭😭😭😭 НЕ УХАДИ ПА БРАТСКИ",1,Университет международного бизнеса им. Кенжегали Сагадиева,4.4,1995
Radmila Arkinova,"8 февраля 2025, отредактирован","Обновите весь персонал, начиная от охранников и преподавателей до администрации!
Этот университет просто кричит о тотальном непрофессионализме!
С самого входа вас встречают вечно недовольные, хамоватые охранники, будто студенты здесь — нежеланные гости, а не люди, которые оплачивают свое обучение.
Преподавателей единицы, кто действительно грамотный — можно выделить от силы 2-3 человека. Остальные либо не умеют донести материал, либо считают, что их задача — завалить как можно больше студентов.
Обращение в администрацию — это отдельный квест на выживание.
— Заходишь с улыбкой, надеясь на помощь — в ответ получаешь хамство и оценивающий взгляд.
— Объясняешь проблему — тебя либо перебивают, либо вообще игнорируют.
— Если вы что-то хотите от куратора или администрации, забудьте, вам никто не поможет.
И даже во время сессии — полный беспредел. Проверяющая просто вырвала у меня лист прямо из рук, потому что сама не подошла и не удостоверилась, что я это я.
Оказывается, студенты здесь должны сидеть и ждать, пока кто-то соизволит выполнить свою работу.
Если у вас возникнет хоть одна проблема — вам просто скажут «идите отсюда» и закроют перед вами дверь.
Администрация этого универа даже минимальной поддержки студентам оказать не может.",1,Университет международного бизнеса им. Кенжегали Сагадиева,4.4,1995
Кәрім Амандықұлы,2 февраля 2025,Современной универ с добрыми людьми,5,Университет международного бизнеса им. Кенжегали Сагадиева,4.4,1995
Ratmir Charnutsky,31 января 2025,"Тема тема, на курилке получился, Ёж из бычков😂",5,Университет международного бизнеса им. Кенжегали Сагадиева,4.4,1995
Карина Оспанова,26 января 2025,"Уважаемая администрация, пожалуйста, решите все проблемы с расписанием, а также с учебными порталами. Неужели за 21 день каникул невозможно было все подготовить для комфортного обучения студентов. Также прошу, сделайте уже всем ОНАЙ и айди карты, или зачем тогда все это нужно, если все эти аспекты не налажены? Выполняйте свою работу по совести и в полном объеме, убедительная просьба.",1,Университет международного бизнеса им. Кенжегали Сагадиева,4.4,1995
Sandugash Tastanbekova,"22 января 2025, отредактирован",Уровень отношений,5,Университет международного бизнеса им. Кенжегали Сагадиева,4.4,1995
Yalkunzhan Abdukarimov,"22 января 2025, отредактирован",В данный момент я сам учусь. Получаю много практических знании в самом университете и в известных крупных компаниях на практиках. Благодарен за это университету)),5,Университет международного бизнеса им. Кенжегали Сагадиева,4.4,1995
s .,"21 января 2025, отредактирован",Студенты такие отзывчивые и позитивные,5,Университет международного бизнеса им. Кенжегали Сагадиева,4.4,1995
Akerke Serikova,"20 января 2025, отредактирован",Лучший университет😍,5,Университет международного бизнеса им. Кенжегали Сагадиева,4.4,1995
Ольга Бронч,"18 января 2025, отредактирован",Архитектура здания,5,Университет международного бизнеса им. Кенжегали Сагадиева,4.4,1995
ZZZ ZZZ,14 января 2025,"Университет привлекает заманчивым предложением и перспективами. По факту никто ничего не знает, элементарно дозвониться невозможно. Вопросов много, без ответов. Также студенты жалуются на пропускную систему, которая действительно усложняет а не упрощает доступ к ВУЗу. Объективно: сотрудники и преподаватели UIB всегда найдут повод или причину для взыскания оплаты чего нибудь со студентами. Найти и тем более дозвониться до ректора практически невозможно. Из нескольких номеров можно дозвониться на один, который переадресует вас в бесконечное ожидание без ответа. Прежде чем выбирать данный ВУЗ прошу внимательно подумать родителей своих детей и принять правильное решение с поступлением. Не факт что ваш ребёнок сможет закончить этот ВУЗ!!! Не рекомендуем!!!",1,Университет международного бизнеса им. Кенжегали Сагадиева,4.4,1995
Dastan Saken,11 января 2025,Спасибо сегодняшним студенткам,5,Университет международного бизнеса им. Кенжегали Сагадиева,4.4,1995
анёка кумыс,"5 января 2025, отредактирован","дорогие абитуриенты! выбирайте, пожалуйста, нормальный университет, и 1000 раз подумайте, прежде чем поступить в эту шарашкину контору!
Приемная комиссия обманет вас как только сможет. Что с работой можно совмещать - это вообще смешно. Каждый день разное неудобное расписание, ни туда ни сюда.
Администрация никогда не пойдет на уступки студентам, обращаются как со слугой, их ваши проблемы не интересуют! Только глаза закатят и скажут, мол, иди отсюда че ты от нас хочешь.
Задача каждого ""профессионала"" в этом горе-университете завалить вас, чтобы вы нахватались летников, и потом просто не могли перевестись! Ставят оценки по настроению, у каждого свои тараканы в голове. (Отдельное спасибо Гульнаре Маратовне, она действительно молодец!)
Что насчет внешнего вида - это просто тюряга! Идешь по узкому коридору, в котором пытаются пропихнуться 3000+- учеников, ремонта нет! Третий и цокольный этаж просто отвращение вызывают, как будто не в университете, а в дурке находишься!
Ну и конечно же самое ужасное здесь - это математичка Дальбекова. Такое ощущение, будто обижена на детей и терпеть их не может! Орет при объяснении материала, обделяет учеников, называет «двоечниками» и «летниками». Ничего человеческого, из-за нее давление поднимается только.
В общем, позор!",1,Университет международного бизнеса им. Кенжегали Сагадиева,4.4,1995
Сая Кенжегулова,"3 января 2025, отредактирован","Первый Бизнес ВУЗ Казахстана. Самый лучший ВУЗ, лучшие преподаватели, лучший коллектив, лучшие студенты. Качественное образование!!!",5,Университет международного бизнеса им. Кенжегали Сагадиева,4.4,1995
Safi A,31 декабря 2024,"Позорный Универ, вместе с позорной администрации. Случилось проблема, по которой преподаватель мне выставил за Вск 0 баллов, по его вине) он поздно выставил оценку. Пыталась разобраться с этим месяц! Все отправляли иди туда или туда. Дошла до директора. Это просто ужас, а не директор. В школах даже не общаются с тобой так, как общаются они тут. Сделали меня виноватой во всем, при ней признает учитель свою вину, но она продолжает делать меня виноватой и орет просто истерическим голосом. Я такое отношение вижу в первый раз в своей жизни, никто тебе тут даже вежливого слова не скажет, а общение директора со студентами меня просто шокировало) зато как деньги Брать так они напоминают чуть ли не каждый день об оплате, но как только столкнешься с какой-нибудь проблемой, они сделают обязательно тебя виноватой во всем. Это просто ужас. Некомпетентная администрация- залог лица вашего универа. Зато в начале все так описывают ярко этот универ. А тут просто бардак",1,Университет международного бизнеса им. Кенжегали Сагадиева,4.4,1995
ADik S,"сегодня, отредактирован",не стойт вообще поступать,1,Туран,4.3,2592
Ержан Кадырбек,11 апреля 2025,Заходит трудно,1,Туран,4.3,2592
Наталья Ким,"8 апреля 2025, отредактирован","Ох и настрадалась же я тут!!!
Начну с преподов,они живут в своем мире где они профессора мирового масштаба и им все должны,в их взгляде вы увидите знаменитую фразу «вы все г….»,ставят баллы как попало!
Ставят высокие баллы тем кого ни разу не видели,если возмущаетесь намекают и просят «чем нибудь помочь», преподы оценивают по внешности,пытаются навязать свое мнение, на весь вуз 1-2 адекватных препода!
Практики нет от слова совсем,нам препод сам поставил печать
Бухгалтера и медсестры постоянно нет на месте! В медпункте не было элементарного сальбутамола,в приступе астмы ушла домой ни с чем,покивали головой и оптравили дмомой.По семейным обстоятельствам нужно было уйти,документы мне не дали еще и сверху накинули еще 500к,пришлось доучиваться!
Охранники с которыми здароваешься все 4 года,когда потеряешь или забудешь пропускной скажут «эээ сен кым былмеймын сени кет жолды торамай»
В туалете нет бумаги,в женском никто не убирает!
На выпускной просили 10к с каждого,знакомые прошлогодки сказали что им даже стулья не дали,мы группой отказались,нам выдали дипломы даже не впустили внутрь вуза!
Диплом мне выдали с ошибкой в фамилии из трех букв) все лето бегала туда сюда
На работу не берут увидев диплом турана,практически все отказывают и смеются видя диплом,в итоге полгода сижу!
Миллион двести на смарку!
Не поступайте сюда!
Я могла бы еще многое написать,но тут коменты удаляют!
Мой муж тоже тут учился на журфаке,говорит редкостная помойка",1,Туран,4.3,2592
Arailym 🤍,"5 апреля 2025, отредактирован",Күшті универ,5,Туран,4.3,2592
Pepper Asnole,"4 апреля 2025, отредактирован",Ну че это за дела,2,Туран,4.3,2592
Айдана,"2 апреля 2025, отредактирован",Охранник ужасный!!!!! Очень грубый Особенно человек который там сидит,1,Туран,4.3,2592
Эльмира Куба,"1 апреля 2025, отредактирован",😎,5,Туран,4.3,2592
merukosha 🫦,"30 марта 2025, отредактирован","отличный универ вы что. этот университет настоящий находка для студентов: современные условия, удобный лифт и качественное питание создают комфортную атмосферу для учебы и жизни.",5,Туран,4.3,2592
Dilyara,29 марта 2025,"Сегодня университет организовал GameFirst, просто супер! Организация мероприятия на высшем уровне!",5,Туран,4.3,2592
Руководитель аппарата,28 марта 2025,"Уважаеамый Рахман Алшанович ! Просим обратить внимание на проблему с питьевой водой внутри университета. В учебном заведении, где мы проводим значительную часть дня, нет бесплатных кулеров с водой. При этом единственная альтернатива – покупка воды в магазине, где цены завышены.

Считаем, что наличие питьевой воды – это базовый комфорт для студентов, особенно учитывая, что мы оплачиваем обучение. Надеемся на Ваше понимание и скорое решение этого вопроса. Образование должно давать знания, а не жажду. Университет – это место развития, а не бизнес на воде и еде)",2,Туран,4.3,2592
Yo Landi,27 марта 2025,"Полный бардак в бухгалтерии, наплевательское отношение к студентам и никакой ответственности за свои ошибки.
Когда я училась на 4 курсе, столкнулась с наглой попыткой обмана со стороны бухгалтерии. Мне нужно было оплатить 165 000 тенге, но эти бухгалтерши заявили, что сумма — 218 000 тенге. Когда я попыталась разобраться, они просто отмахнулись: «Ничего не знаю, плати», не давая никаких объяснений.

Я рассказала об этом маме, и она тоже начала сомневаться. Я поехала разбираться. В итоге выяснилось, что они специально записали меня на оплату за другого человека, пытаясь вытащить лишние деньги, возможно, себе в карман. Если бы я не настояла на проверке, мне пришлось бы платить за чужого студента. После разбирательств сумму исправили, но никто даже не извинился.

Этот случай показал, что в этом университете могут спокойно пытаться навесить чужой долг на студента. Будьте осторожны, проверяйте каждую сумму и не верьте бухгалтерии на слово. Если видите что-то подозрительное – требуйте разъяснений и отстаивайте свои деньги.
Университет с таким отношением к студентам вызывает большие сомнения. Будьте внимательны при оплате, перепроверяйте все суммы!

Туран UEBISHE",1,Туран,4.3,2592
Nurdaulet Urazaly,"26 марта 2025, отредактирован",Все а**енно все чётко особенно SHISAI просто выступили огонь 🔥 🔥,5,Туран,4.3,2592
ogmsh .,26 марта 2025,"Кормят вкусно, но дорого, так себе кафешка",2,Туран,4.3,2592
Вадим Костицын,"25 марта 2025, отредактирован",Какао очень вкусное 🔥,5,Туран,4.3,2592
zhaina .,"21 марта 2025, отредактирован","посещала универ недавно, как абитурент. участвовала в одной олимпиаде. возникала проблема насчет регистрации и я обращалась на ватсап приемной комиссии. таких грубых специалистов я честно в жизни не видала. одна женщина отвечала чисто голосовыми, не знаю каких специалистов вы набираете, судя по ним вам важно только грубое обращение к людям и студентам. записала тысячу голосовых вместо сообщений, наорала, тыкала. общалась как с тyпым, слабоумным человеком. в этом минус. пропало полностью все желание туда поступать, если честно!",3,Туран,4.3,2592
Jasmin D,"19 марта 2025, отредактирован",Замечательный университет 💙,5,Туран,4.3,2592
LEV .,19 марта 2025,🙌🏻🙌🏻🙌🏻,5,Туран,4.3,2592
Егор Кобрин,16 марта 2025,"Учусь на курсе высшей школы психологии. Честно, посетил пару универов, и этот оказался самым запоминающимся. Учителя моей специальности-профессионалы своего дела! Отдельное спасибо Алине Дмитриевне. Такого оригинального и живого подхода к обучению ещё не было нигде. Дарья Алексеевна лучший эдвайзер! Желаю всем угодить к ней ;)))",5,Туран,4.3,2592
Дмитрий Герлиц,"15 марта 2025, отредактирован","Обучение, развитие и образование студентов, удобства и организация других процессов на достойном высоком уровне. Состав педагогов и директора профессиональный. Интерьер помещений и экстерьер здания многим учебным заведениям в пример.",5,Туран,4.3,2592
Насвэгал 228,14 марта 2025,Свэга не получил😭,3,Туран,4.3,2592
Аяжан Қайыржан,14 марта 2025,"Всем абитуриентам, не поступайте сюда ни в коем случае! Только так вы сохраните свои нервы. Если вы хотите в казахское отделение то будьте готовы что вас просто заставят написать заявление о переводе в русское, согласны ли вы или нет им все равно.",1,Туран,4.3,2592
Anuar Jr,14 марта 2025,"Бухгалтерия топ!!! Не было возможности подойти в универ и решил попросить друга спросить на счет того, сколько мне надо еще оплатить за обучение и почему у меня появилась пеня, хотя я платил на перед. И вооот, моего друга можно сказать, что послали, а именно сказали, что: «твоему другу надо, пусть и приходит, тебе ничего не скажу, надо будет, позже подойдет»
Туран поражает с каждым днем )))
Была бы возможность, я поставил 0",1,Туран,4.3,2592
123 Aiko,"12 марта 2025, отредактирован","Это самое ужасное учебное заведение, которое может быть. Сейчас будет не просто негатив без оснований. А серьезное пояснение своих слов. Я готова отвечать за свой слова лично.

1. Диплом колледжа и университета Туран котируется только на территории колледжа и университета Туран.
Даже при условии, что вы закончите на красный диплом, потратив здесь (не дай господь) 5 лет, то это все будет зря.

2. Выпускников Туран не берут на работу.
В колледже и университете Туран не обучают нормально базовым знаниям в области, на которую учиться студент. Очень много примеров когда брали выпускника Турана и он крупно облажался и его уволили с шумом. Об этом знает вся Алмата, что выпускники Турана ничего не умеют, так как их не обучают. Учителя ничем не занимаются. Не умеют преподавать. Когда приходишь на пару, они несут какой то бред не по теме. А при жалобе на руководство, ваша жалоба магическим образом исчезает. Даже если она оформлена официально. Образование на ужасном уровне. Преподаватели ничего не объясняют, а в конце года просят объяснить то, что они сами не поняли.

3. Преподавательский состав и руководство выбирает любимчиков и готовы их тянут до последнего. Если вы не попали по внешним причинам их запросам, то у вас будут проблемы.
Вас не будут замечать, будут игнорировать, не будут развернуто отвечать на поставленные вопросы об образовании. Вообщем, весь букет. А если вы попытаетесь игнорировать это положение, у вас это не получится

4. Руководством игнорирует поставленные вопросы и после каждого комментария в это приложение, собирают студентов в актовом и по микрофону говорят о том, какие студенты глупые, а руководство и учителя бедные жертвы. Вообщем, жалкое зрелище. Если не любите театр, то не поступайте

5. Ваше банальное спокойствие
Я бы мог/ла написать больше, но пока что до следующего собрания в актовом хватает

Желаю удачи и не поступления в Туран)))",1,Туран,4.3,2592
Malika ),12 марта 2025,Хороший университет),5,Туран,4.3,2592
Сафи Ридель,"12 марта 2025, отредактирован",👎,1,Туран,4.3,2592
Ekonskii .,"8 марта 2025, отредактирован",Я работал оффициантом и хороши,5,Туран,4.3,2592
Zhamil 🧟‍♂️,"3 марта 2025, отредактирован",У них хотябы лифт есть,5,Туран,4.3,2592
Akerke Bauyrzhan,3 марта 2025,ЛУЧШИЕ!!!!,5,Туран,4.3,2592
Иван Кузьмин,2 марта 2025,"Преподаватели совершенно не ценят время учеников, заставляют часами ждать. практику приходится не просто находить самому, но и со стороны университета бегать собирать печати, потом на производстве бегать собирать печати, как правильно заполнять никто не знает и не высылает. Ужас!",1,Туран,4.3,2592
Sanam Yuldasheva,28 февраля 2025,"Просто на заметку тем , кто хочет поступить сюда!)
Просто очень не советую сюда поступать , окончила я колледж , и все годы обучения я всегда бегала за преподавателями, они всегда чего-то ждали, какой нибудь подмашки в карман, я знаю тут только одного преподавателя который реально обучал и реально помогал студентам , это Эльвина Мехтиевна, самая лучшая в своем деле , просто обожаю ее только ради нее хочется поставить 5 баллов , и этот 1 балл я посвящаю только ей , опоздаешь на пару минут на пары, не впускали охранники , грубили и отправляли домой , когда ты ехала с другого конца города в колледж… Очень часто пары переводили на онлайн формат, где нам не объясняли ничего толком , в общем можно написать очень много всего за все эти годы обучения, я не смогла уйти т.к сказали что я должна доплатить за то что я заберу документы и уйду от туда…. Пришлось доучится , выжать по максимуму и уйти от туда … Мой вам совет прежде чем выбирать по красоте Универа , лучше выбирайте по отзывам и рейтингу 🙏🏼❤️Но кажется плохие отзывы удаляют лишь слабые…",1,Туран,4.3,2592
Caroline Sweet,27 февраля 2025,"Плохие отзывы удаляют, потому что правдивые. Универ ужасный, никакого преподавания нет, учителя некомпетентны, хамят, при этом не объясняют ничего, задания — ""сделай то, не знаю что"". Важную информацию, например, насчёт практики или экзаменов, либо не дают вообще, либо в самый последний момент. Несколько раз ставили экзамены не в экзаменационный период, и мы даже не знали названия предметов, которые нужно сдавать, так как всё нам говорили в последний момент, и сдавать нужно было без подготовки (проблема не студентов от слова совсем). Если нужно узнать что-то важное насчёт расписания или экзаменов, об этом вам никто не скажет и пошлют куда подальше. Красный диплом получить невозможно, даже если стараешься и всё правильно выполняешь — завалят сразу. Если хотите уничтожить свои нервы и впустую потратить деньги и нервы, то вперёд, поступайте. Я лично пожалела о потраченном впустую времени.",1,Туран,4.3,2592
Aidana Makhmudova,"26 февраля 2025, отредактирован",Самый классный университет где много возможностей,5,Туран,4.3,2592
Ocean Glow,"25 февраля 2025, отредактирован","Кафедра журналистики слабая. Нет практических занятий, а в журналистике главное — практика. Все документация и мероприятия проводятся на русском языке. А где находится университет? Правильно, в Казахстане. За 4 года обучения научились только делать презентации.

Преподаватель Эльмира проявляет нетактичность, нарушает преподавательскую этику: кричит и обсуждает личные отношения студентов. К тому же она не знает базовой теории. Шындалиева Мендигуль — отличный профессор, но не умеет объяснять и преподавать.

Еще немного +:
Дружелюбная атмосфера университета, преподаватели всегда готовы помочь студентам, вкусная столовая, современный ремонт и достаточно новой техники. Светлая и удобная для учебы библиотека.",3,Туран,4.3,2592
Раушан Мусакулова,"22 февраля 2025, отредактирован",Керемет,5,Туран,4.3,2592
Eva Star,18 февраля 2025,"Я бы хотела узнать, сколько баллов нужно набрать на ент чтобы поступить сюда? Потому что я думаю поступить,но не знаю сколько баллов нужно на ент,50 вроде да? Или больше ?",4,Туран,4.3,2592
Нұр ❄️,"14 февраля 2025, отредактирован",Нәшәр!!!!!,1,Туран,4.3,2592
Алишер Касенов,"12 февраля 2025, отредактирован","5 звезд потому что тут учится моя невеста❤️, приезжаю забирать ее отсюда, внутри не был, но думаю норм🤣, вечером уезжать сложновато по пробкам",5,Туран,4.3,2592
Gulzhahan Abdikerimova,9 февраля 2025,Тұран топтоп,5,Туран,4.3,2592
Ардош ✨️,"9 февраля 2025, отредактирован","я делала много выборов, но поступить в Туран было самым лучшим решением:)",5,Туран,4.3,2592
Алишер Ергалиев,"9 февраля 2025, отредактирован",Красивый университет! Хорошие люди там учатся! Творческие и съемки проводят!,5,Туран,4.3,2592
Kevin Wang,7 февраля 2025,Самый худший университет в Алматы не стоит поступать сюда. Лишь бы деньги им плати,1,Туран,4.3,2592
Зарина .,3 февраля 2025,"Поступили в этом году, но я уже пожалела. Уроки отменяют, меняют на онлайн. Преподаватели могут по своему желанию это делать, что за бардак? Ребенок на пороге, прилетает сообщение отменили/перенесли в онлайн формат. Дальше расписание одна-две пары в день, съездил на два три часа в универ и вернулся. Никаких заданий, практики, вообще не понятно за что мы платим? Какой он выйдет специалист если нет никаких знаний?",1,Туран,4.3,2592
dnld trmp,31 января 2025,Мой любимый университет 🥰обожаю Туран,5,Туран,4.3,2592
ася $кам,"31 января 2025, отредактирован",все по кайфу,5,Туран,4.3,2592
Anna Fomina,"31 января 2025, отредактирован","Отличный университет, высококлассные преподаватели!",5,Туран,4.3,2592
Айым Дулат,29 января 2025,"Универдің ішкі қызмет көрсету жүйесі просто ужасно!!! Өте сауатсыз қарым-қатынас көрсетеді! Сіңілімнің очислениесіне байланысты университетке барып едім, новерно мені приняли как судента, сөйлеу тоны, қызмет көрсету жүйесі өте нашар. Сөйлесу этикасы мүлдем жоқ. Оқытушылар да, бухгалтерияда немен айналысып отырғандарын өздері білмейді. 1 сағат бойы бір біріне сілтеп ана кабинетке бір мына кабинетке бір сілтеп өздерінің миы ашып жүр. Тұран деген аты болмаса, іші бығып жатыр, низко👎🏻",1,Туран,4.3,2592
Aaa Zheniskyzy,29 января 2025,"Бухгалтерия ужас. Вежливо спросила что и как, как начала грубо общаться с повышенном тоном! Сидят будто все на них держится. И прослушывайте, контролируйте телефонные звонки, разговаривают очень нагло! Прошу следить за этим⁉️",1,Туран,4.3,2592
коки фишер,"29 января 2025, отредактирован",столовка кайф!,4,Туран,4.3,2592
Arooo Arooo,"28 января 2025, отредактирован","Хороший университет, особенно профессиональный преподавательский состав. Особенно хочется отметить Молдыр Оралхановну, преподавателя турецкого языка, благодаря ей освоила азы турецкого языка и с каждым занятием совершенствую свой Турецкий язык. Большая благодарность преподавателю за ее профессионализм и труд!",5,Туран,4.3,2592
Asain Mukuzhanov,"27 января 2025, отредактирован","ну норм универ

Upd одну звезду убираю, потому что антисептики не меняете у меня рука воняла",4,Туран,4.3,2592
